rally_id,true_label,predicted_win_probability
1.0,1.0,0.51751333
2.0,0.0,0.4845476
3.0,1.0,0.5928718
4.0,0.0,0.51421654
5.0,1.0,0.6310776
7.0,1.0,0.5533641
8.0,0.0,0.50115955
9.0,1.0,0.5839795
10.0,0.0,0.46638498
11.0,0.0,0.56604475
12.0,0.0,0.6190482
13.0,1.0,0.61818403
14.0,1.0,0.5415973
15.0,1.0,0.61959726
16.0,0.0,0.49827456
17.0,0.0,0.5969394
18.0,1.0,0.5691957
20.0,1.0,0.6242059
21.0,1.0,0.60432434
22.0,1.0,0.5993498
23.0,0.0,0.4949933
24.0,1.0,0.6117634
25.0,1.0,0.54356766
26.0,1.0,0.6132607
27.0,1.0,0.59778345
28.0,0.0,0.46209896
31.0,1.0,0.5023208
32.0,0.0,0.46235314
35.0,1.0,0.6803338
38.0,0.0,0.5328879
41.0,1.0,0.5808951
42.0,0.0,0.55737305
44.0,1.0,0.5427777
45.0,0.0,0.53315127
46.0,0.0,0.6413519
47.0,1.0,0.5826122
48.0,1.0,0.48402944
49.0,0.0,0.4887884
51.0,0.0,0.59796226
52.0,0.0,0.6935336
53.0,1.0,0.5749717
54.0,1.0,0.5285859
56.0,1.0,0.50878054
57.0,0.0,0.50935143
58.0,0.0,0.5648186
59.0,1.0,0.5893079
60.0,0.0,0.5531514
62.0,1.0,0.575025
63.0,1.0,0.55491996
65.0,0.0,0.5902534
66.0,1.0,0.52944523
67.0,0.0,0.5354949
68.0,1.0,0.6011731
69.0,1.0,0.5146476
70.0,1.0,0.5235168
71.0,0.0,0.53449976
72.0,0.0,0.634786
73.0,0.0,0.6588195
74.0,1.0,0.56242543
75.0,1.0,0.5532564
76.0,1.0,0.54086614
77.0,1.0,0.59632164
78.0,1.0,0.57772475
79.0,0.0,0.45954797
80.0,0.0,0.590172
81.0,0.0,0.60232145
82.0,1.0,0.62182367
83.0,1.0,0.5406869
84.0,0.0,0.47247413
85.0,0.0,0.50732625
86.0,1.0,0.577188
87.0,1.0,0.5529081
89.0,0.0,0.5753954
90.0,0.0,0.58262163
92.0,0.0,0.47024673
93.0,1.0,0.61476815
94.0,1.0,0.5495876
95.0,1.0,0.6128298
96.0,0.0,0.4894251
98.0,1.0,0.59973925
99.0,1.0,0.5317654
100.0,0.0,0.48368657
101.0,0.0,0.5558397
102.0,0.0,0.5570309
103.0,0.0,0.6427645
104.0,1.0,0.6350606
105.0,0.0,0.47173613
106.0,1.0,0.5931324
107.0,0.0,0.47158974
108.0,1.0,0.54859734
110.0,1.0,0.50761014
111.0,0.0,0.4974437
112.0,1.0,0.63912547
113.0,0.0,0.50311583
114.0,0.0,0.57131064
115.0,1.0,0.5618746
119.0,1.0,0.5740057
120.0,0.0,0.5253217
121.0,1.0,0.52188456
123.0,1.0,0.5483358
124.0,1.0,0.5898469
125.0,0.0,0.53910565
128.0,1.0,0.63136065
129.0,0.0,0.52863055
132.0,1.0,0.60804385
135.0,1.0,0.63516456
138.0,1.0,0.63297296
139.0,0.0,0.47021705
141.0,1.0,0.6484867
142.0,1.0,0.5913823
145.0,0.0,0.4266342
147.0,0.0,0.52526337
148.0,1.0,0.6066414
149.0,1.0,0.5113198
150.0,1.0,0.54313976
152.0,0.0,0.42765188
153.0,0.0,0.5775265
157.0,0.0,0.49454185
158.0,0.0,0.6571112
160.0,1.0,0.47523823
161.0,1.0,0.5086597
162.0,1.0,0.53539854
163.0,0.0,0.5147803
166.0,1.0,0.59253263
167.0,0.0,0.4815672
168.0,0.0,0.5716115
169.0,0.0,0.6148521
170.0,1.0,0.485377
171.0,0.0,0.51834446
172.0,1.0,0.56666595
173.0,0.0,0.4944603
174.0,0.0,0.5503445
176.0,1.0,0.44973946
177.0,0.0,0.5919491
178.0,1.0,0.5165765
180.0,1.0,0.58119434
181.0,1.0,0.6123978
182.0,0.0,0.5282564
183.0,1.0,0.53307396
184.0,0.0,0.42935425
185.0,1.0,0.5744816
186.0,1.0,0.5846514
187.0,1.0,0.552114
228.0,1.0,0.49957156
230.0,0.0,0.6305146
231.0,1.0,0.6446752
233.0,0.0,0.5884593
234.0,0.0,0.55091983
235.0,0.0,0.5619017
236.0,1.0,0.57328194
237.0,1.0,0.6499537
238.0,0.0,0.46438634
240.0,0.0,0.5419518
241.0,1.0,0.5407102
242.0,0.0,0.5274584
243.0,0.0,0.5151249
244.0,1.0,0.61005414
246.0,1.0,0.59995204
247.0,1.0,0.5721642
248.0,0.0,0.46066406
249.0,0.0,0.58842987
250.0,1.0,0.5915884
252.0,0.0,0.45522398
253.0,0.0,0.5753907
254.0,1.0,0.6110623
255.0,1.0,0.54664963
256.0,0.0,0.5383657
257.0,1.0,0.57080936
258.0,0.0,0.46361086
260.0,0.0,0.5136024
261.0,1.0,0.5986387
262.0,1.0,0.50241286
263.0,0.0,0.4697821
264.0,1.0,0.5372473
265.0,1.0,0.61557806
266.0,0.0,0.5610061
267.0,1.0,0.5503666
269.0,0.0,0.48911
270.0,1.0,0.5391586
271.0,0.0,0.54570544
272.0,1.0,0.5584448
273.0,0.0,0.5507778
274.0,0.0,0.55814874
275.0,0.0,0.61603844
276.0,1.0,0.58181465
277.0,1.0,0.56154543
279.0,1.0,0.55551046
281.0,0.0,0.55368495
282.0,1.0,0.512321
283.0,0.0,0.52711993
285.0,1.0,0.5257904
286.0,1.0,0.53953034
287.0,1.0,0.5713766
288.0,0.0,0.49875808
290.0,1.0,0.50531065
291.0,0.0,0.5169949
293.0,1.0,0.5019067
294.0,1.0,0.5531729
295.0,1.0,0.5870065
296.0,1.0,0.60419375
298.0,1.0,0.65913165
299.0,1.0,0.6532713
301.0,0.0,0.46713898
302.0,0.0,0.4757394
303.0,1.0,0.5732424
304.0,1.0,0.5349071
305.0,1.0,0.58197725
307.0,0.0,0.469195
308.0,0.0,0.53996795
309.0,1.0,0.5525798
310.0,0.0,0.5343371
311.0,0.0,0.5314618
312.0,1.0,0.5427832
313.0,0.0,0.53542274
314.0,1.0,0.5266091
315.0,1.0,0.49674416
316.0,0.0,0.5074723
317.0,1.0,0.5275188
318.0,0.0,0.5441793
319.0,0.0,0.45617652
321.0,0.0,0.5832655
322.0,0.0,0.5546257
323.0,0.0,0.56243604
324.0,1.0,0.56055117
325.0,1.0,0.48910126
326.0,0.0,0.58746606
327.0,1.0,0.54441005
328.0,0.0,0.62091804
329.0,1.0,0.57361746
330.0,1.0,0.53775847
333.0,0.0,0.51153004
334.0,1.0,0.5476899
335.0,0.0,0.51770425
336.0,1.0,0.57254446
337.0,1.0,0.5876428
339.0,1.0,0.6288221
406.0,0.0,0.5364186
407.0,1.0,0.5635174
408.0,0.0,0.5338033
409.0,1.0,0.6319529
410.0,0.0,0.45048398
411.0,0.0,0.59566194
412.0,1.0,0.5376374
413.0,1.0,0.5199798
416.0,0.0,0.47041354
417.0,0.0,0.628442
419.0,1.0,0.5347408
420.0,0.0,0.5434557
421.0,1.0,0.57215196
422.0,1.0,0.6110539
423.0,1.0,0.5808391
424.0,0.0,0.47682777
425.0,1.0,0.663111
427.0,1.0,0.5496811
428.0,1.0,0.5884513
429.0,0.0,0.46347535
430.0,0.0,0.5477116
432.0,1.0,0.62179637
433.0,1.0,0.62600124
438.0,1.0,0.5911943
439.0,0.0,0.48971018
440.0,1.0,0.63904285
441.0,0.0,0.47752368
442.0,1.0,0.669205
443.0,0.0,0.46419838
444.0,1.0,0.4839388
445.0,0.0,0.41985595
447.0,0.0,0.57189584
449.0,0.0,0.5078457
450.0,1.0,0.57081896
451.0,0.0,0.5403996
452.0,1.0,0.6404126
453.0,0.0,0.47856954
454.0,1.0,0.5352603
456.0,1.0,0.48059028
458.0,0.0,0.5396532
460.0,0.0,0.56563807
461.0,1.0,0.6193454
462.0,0.0,0.49090764
464.0,0.0,0.5951797
465.0,1.0,0.5640636
467.0,1.0,0.465478
468.0,1.0,0.5476599
471.0,1.0,0.5690845
473.0,1.0,0.5813601
474.0,0.0,0.4997972
475.0,1.0,0.6527427
476.0,0.0,0.49332425
477.0,1.0,0.6520328
479.0,0.0,0.452455
480.0,0.0,0.5579628
481.0,0.0,0.55994725
482.0,1.0,0.61215675
485.0,0.0,0.5675999
487.0,0.0,0.5428119
489.0,1.0,0.51767105
492.0,0.0,0.56373185
495.0,0.0,0.54194933
496.0,0.0,0.5760302
497.0,0.0,0.655129
499.0,0.0,0.56483567
500.0,0.0,0.6693988
501.0,1.0,0.48029095
502.0,0.0,0.54158026
503.0,1.0,0.6359596
504.0,1.0,0.46856833
506.0,1.0,0.4842087
507.0,0.0,0.55566436
508.0,1.0,0.49959078
509.0,0.0,0.50763625
510.0,0.0,0.6322405
512.0,1.0,0.49759454
513.0,0.0,0.54119486
514.0,0.0,0.6593755
516.0,1.0,0.49549654
517.0,1.0,0.4535583
519.0,0.0,0.5560032
520.0,0.0,0.6209619
521.0,1.0,0.6076635
523.0,0.0,0.4733204
524.0,1.0,0.63614166
526.0,1.0,0.6313374
527.0,1.0,0.5335407
529.0,0.0,0.49610585
530.0,1.0,0.5239288
531.0,0.0,0.47537166
532.0,0.0,0.560542
533.0,1.0,0.56403756
535.0,0.0,0.45788404
536.0,0.0,0.580769
538.0,0.0,0.47169092
539.0,1.0,0.61567867
540.0,0.0,0.5061319
542.0,0.0,0.6078874
543.0,1.0,0.60669494
545.0,1.0,0.49987766
546.0,1.0,0.54095453
547.0,1.0,0.56348914
548.0,0.0,0.4340624
549.0,1.0,0.63979477
551.0,1.0,0.5922788
552.0,0.0,0.47099662
553.0,1.0,0.6621226
554.0,1.0,0.5576058
627.0,1.0,0.5185914
629.0,1.0,0.53953254
630.0,1.0,0.5964029
631.0,1.0,0.6350419
633.0,0.0,0.51220655
634.0,0.0,0.46806905
635.0,1.0,0.592496
636.0,0.0,0.5493237
637.0,0.0,0.5632659
638.0,1.0,0.52796733
640.0,1.0,0.55005395
641.0,1.0,0.62476665
642.0,1.0,0.6283157
643.0,1.0,0.62237215
644.0,1.0,0.6970459
646.0,1.0,0.659037
648.0,0.0,0.50945646
649.0,0.0,0.53056
651.0,1.0,0.5995207
652.0,1.0,0.61772895
655.0,1.0,0.6831598
656.0,1.0,0.6802803
723.0,0.0,0.5211153
724.0,1.0,0.51893735
729.0,0.0,0.5230353
730.0,1.0,0.5232662
731.0,1.0,0.5721329
732.0,1.0,0.5570596
733.0,1.0,0.63443977
735.0,1.0,0.6224613
736.0,1.0,0.6687215
737.0,0.0,0.5080326
739.0,1.0,0.6545041
742.0,1.0,0.65363765
746.0,1.0,0.6313646
747.0,0.0,0.45710883
749.0,1.0,0.62533355
750.0,0.0,0.49273956
751.0,0.0,0.46203592
752.0,0.0,0.46947145
753.0,1.0,0.557743
754.0,0.0,0.45241493
755.0,1.0,0.597463
756.0,1.0,0.62201035
757.0,0.0,0.53676724
759.0,0.0,0.5839603
760.0,0.0,0.5553404
761.0,0.0,0.55113405
763.0,1.0,0.572131
764.0,1.0,0.57193047
765.0,1.0,0.55579716
767.0,0.0,0.5164465
772.0,0.0,0.4893291
775.0,1.0,0.6101589
776.0,0.0,0.57988364
777.0,1.0,0.4953633
778.0,1.0,0.6676316
779.0,1.0,0.5812342
783.0,1.0,0.66546905
784.0,1.0,0.7232316
787.0,0.0,0.48510465
788.0,1.0,0.6007328
790.0,1.0,0.5918754
792.0,1.0,0.6961607
796.0,1.0,0.62742937
797.0,0.0,0.55019706
798.0,0.0,0.53020066
800.0,1.0,0.59735096
801.0,1.0,0.67027444
803.0,0.0,0.4478852
804.0,1.0,0.55196416
805.0,0.0,0.5418001
810.0,1.0,0.56471205
812.0,1.0,0.6433658
813.0,1.0,0.6452654
817.0,0.0,0.48772627
818.0,1.0,0.6444083
820.0,0.0,0.48980808
821.0,0.0,0.4935575
822.0,0.0,0.5429613
824.0,1.0,0.6280844
828.0,1.0,0.5985202
829.0,0.0,0.5045585
853.0,1.0,0.4892711
857.0,0.0,0.5225342
940.0,1.0,0.55227476
941.0,1.0,0.5475076
942.0,1.0,0.53181213
943.0,1.0,0.61130667
945.0,1.0,0.6792814
946.0,0.0,0.48357096
947.0,1.0,0.63819677
948.0,0.0,0.4894281
949.0,0.0,0.61794806
950.0,1.0,0.5977739
951.0,0.0,0.4634998
952.0,1.0,0.6249429
953.0,1.0,0.62252176
954.0,0.0,0.46323845
956.0,1.0,0.68031543
957.0,0.0,0.50270635
958.0,0.0,0.57195514
959.0,1.0,0.6312794
960.0,0.0,0.5292488
961.0,1.0,0.6022
962.0,1.0,0.5223491
964.0,1.0,0.5794826
965.0,0.0,0.4488899
966.0,1.0,0.611781
968.0,0.0,0.45320672
969.0,0.0,0.5425693
970.0,0.0,0.65797347
971.0,1.0,0.6229555
972.0,0.0,0.5226215
973.0,0.0,0.58302504
974.0,0.0,0.5503484
975.0,1.0,0.63380563
978.0,1.0,0.5518548
979.0,0.0,0.49470034
981.0,0.0,0.6414746
982.0,0.0,0.6487027
985.0,0.0,0.5887835
986.0,0.0,0.6501842
987.0,1.0,0.56732017
989.0,0.0,0.5822092
991.0,0.0,0.6499893
993.0,1.0,0.5227108
994.0,0.0,0.479323
996.0,0.0,0.51005745
997.0,1.0,0.5827716
998.0,1.0,0.52701014
999.0,0.0,0.52120066
1001.0,1.0,0.60220534
1002.0,0.0,0.5618853
1003.0,1.0,0.5581304
1005.0,1.0,0.5401438
1007.0,1.0,0.5485274
1008.0,1.0,0.5846222
1010.0,0.0,0.42897952
1011.0,1.0,0.6434816
1012.0,0.0,0.45370638
1014.0,0.0,0.4515621
1015.0,0.0,0.62365663
1016.0,0.0,0.5623884
1018.0,1.0,0.591077
1019.0,0.0,0.52657837
1020.0,0.0,0.6778806
1022.0,0.0,0.67048556
1027.0,1.0,0.66228247
1028.0,1.0,0.57543534
1029.0,1.0,0.6145741
1031.0,0.0,0.50741684
1036.0,0.0,0.52811474
1038.0,1.0,0.54435986
1040.0,0.0,0.5041103
1041.0,1.0,0.6906771
1044.0,0.0,0.5153089
1045.0,1.0,0.6739075
1046.0,0.0,0.47858062
1050.0,0.0,0.5030613
1053.0,0.0,0.6569377
1055.0,1.0,0.63759923
1056.0,0.0,0.487204
1058.0,1.0,0.6799061
1059.0,0.0,0.61344844
1061.0,0.0,0.5294995
1131.0,1.0,0.53015774
1132.0,0.0,0.48436618
1134.0,1.0,0.54580003
1135.0,0.0,0.50491035
1136.0,0.0,0.5272583
1137.0,1.0,0.52067685
1138.0,0.0,0.51903933
1139.0,0.0,0.5499482
1140.0,0.0,0.51973057
1141.0,0.0,0.63231903
1142.0,0.0,0.6416054
1143.0,0.0,0.6771132
1144.0,0.0,0.69610554
1145.0,1.0,0.5284397
1147.0,0.0,0.62029004
1148.0,0.0,0.5888561
1151.0,1.0,0.4502045
1156.0,1.0,0.45956147
1157.0,1.0,0.45513412
1158.0,1.0,0.47707346
1160.0,0.0,0.6564458
1161.0,1.0,0.5367787
1162.0,0.0,0.5336111
1164.0,1.0,0.57379866
1167.0,0.0,0.4264626
1168.0,1.0,0.6136542
1169.0,1.0,0.6268835
1170.0,0.0,0.464541
1171.0,1.0,0.58861023
1172.0,1.0,0.6226107
1173.0,0.0,0.4806585
1174.0,1.0,0.6570599
1175.0,0.0,0.49298164
1176.0,1.0,0.60407925
1177.0,0.0,0.47197574
1178.0,1.0,0.64241296
1179.0,1.0,0.6373068
1180.0,1.0,0.64350325
1181.0,0.0,0.43323204
1182.0,1.0,0.60116935
1184.0,1.0,0.64998716
1185.0,1.0,0.6596701
1186.0,0.0,0.48379073
1188.0,1.0,0.6386341
1189.0,0.0,0.37468424
1192.0,0.0,0.49930942
1193.0,1.0,0.65305865
1194.0,1.0,0.60548323
1195.0,1.0,0.63390434
1196.0,1.0,0.60320824
1200.0,1.0,0.6710271
1201.0,0.0,0.5075424
1202.0,1.0,0.65028864
1204.0,1.0,0.61992717
1205.0,0.0,0.5354073
1206.0,0.0,0.5260139
1207.0,0.0,0.6168969
1209.0,0.0,0.66498893
1210.0,1.0,0.56754994
1213.0,0.0,0.6529879
1215.0,1.0,0.5886905
1216.0,0.0,0.53975886
1217.0,1.0,0.5779689
1218.0,1.0,0.60953754
1220.0,0.0,0.62586576
1222.0,1.0,0.5534024
1226.0,0.0,0.58230495
1229.0,0.0,0.63463926
1230.0,0.0,0.5836214
1231.0,0.0,0.7070189
1233.0,1.0,0.5907875
1235.0,1.0,0.6591459
1239.0,0.0,0.6218452
1240.0,1.0,0.5961906
1242.0,1.0,0.61935854
1243.0,0.0,0.539728
1245.0,1.0,0.6491226
1246.0,1.0,0.6490024
1247.0,0.0,0.45741507
1248.0,1.0,0.62884206
1249.0,0.0,0.535675
1251.0,1.0,0.6177956
1253.0,0.0,0.5407217
1254.0,0.0,0.606792
1255.0,1.0,0.63763756
1256.0,0.0,0.5122274
1257.0,1.0,0.6099539
1258.0,1.0,0.64780366
1260.0,0.0,0.58984244
1262.0,1.0,0.6265219
1263.0,0.0,0.5319893
1264.0,1.0,0.5336596
1265.0,1.0,0.59987706
1266.0,1.0,0.643479
1267.0,1.0,0.7061909
1268.0,1.0,0.6235778
1270.0,1.0,0.5858274
1272.0,0.0,0.5091301
1273.0,1.0,0.56546986
1275.0,1.0,0.6651591
1277.0,0.0,0.52048457
1280.0,1.0,0.5887448
1282.0,1.0,0.6323982
1283.0,0.0,0.45268455
1284.0,1.0,0.65711826
1288.0,1.0,0.6628451
1291.0,1.0,0.6898337
1294.0,1.0,0.69653904
1295.0,1.0,0.7314045
1297.0,1.0,0.6958224
1298.0,0.0,0.5596832
1299.0,0.0,0.5807853
1300.0,1.0,0.6212349
1301.0,1.0,0.623052
1303.0,1.0,0.6316125
1304.0,0.0,0.5526416
1305.0,1.0,0.6462093
1307.0,0.0,0.55667406
1308.0,0.0,0.5450201
1309.0,0.0,0.61092514
1311.0,1.0,0.6406977
1312.0,0.0,0.58742875
1313.0,0.0,0.66501886
1314.0,0.0,0.5787182
1316.0,0.0,0.60235924
1318.0,1.0,0.651422
1319.0,1.0,0.65521044
1320.0,0.0,0.61718637
1321.0,0.0,0.64514107
1323.0,1.0,0.62213135
1324.0,0.0,0.6426564
1325.0,1.0,0.58263934
1326.0,1.0,0.6236095
1327.0,0.0,0.5936167
1329.0,0.0,0.61512697
1330.0,0.0,0.5926349
1334.0,1.0,0.5932555
1336.0,1.0,0.5510081
1337.0,0.0,0.6530007
1339.0,1.0,0.6240265
1340.0,0.0,0.6048554
1341.0,1.0,0.60229695
1342.0,0.0,0.6097313
1343.0,0.0,0.6083342
1346.0,1.0,0.5839623
1347.0,0.0,0.58992445
1348.0,1.0,0.602174
1350.0,1.0,0.6493974
1353.0,0.0,0.5355375
1355.0,1.0,0.7094673
1357.0,1.0,0.6595362
1390.0,1.0,0.5504721
1391.0,1.0,0.57160896
1392.0,1.0,0.63538986
1393.0,0.0,0.5798954
1394.0,0.0,0.523539
1395.0,0.0,0.5990805
1397.0,0.0,0.54759306
1399.0,0.0,0.59061563
1400.0,1.0,0.54994076
1401.0,1.0,0.60318035
1402.0,1.0,0.57786655
1403.0,1.0,0.6730704
1404.0,1.0,0.65677625
1405.0,1.0,0.71541387
1406.0,1.0,0.69324464
1407.0,1.0,0.7577069
1410.0,0.0,0.55056036
1411.0,1.0,0.57627046
1412.0,0.0,0.5312426
1415.0,1.0,0.63533586
1416.0,0.0,0.4508467
1418.0,1.0,0.5738712
1420.0,0.0,0.54481894
1421.0,1.0,0.55926013
1422.0,0.0,0.56514835
1423.0,1.0,0.6111737
1424.0,0.0,0.56590414
1426.0,0.0,0.5753751
1427.0,0.0,0.6402538
1428.0,1.0,0.51456994
1429.0,0.0,0.6041746
1431.0,1.0,0.58028877
1432.0,1.0,0.62914616
1433.0,0.0,0.521499
1434.0,1.0,0.58665156
1435.0,1.0,0.6521996
1436.0,0.0,0.51046073
1437.0,1.0,0.66481304
1438.0,0.0,0.5176909
1440.0,0.0,0.52887416
1442.0,1.0,0.5294853
1443.0,1.0,0.61664146
1445.0,0.0,0.5030484
1446.0,1.0,0.63887924
1447.0,0.0,0.53323185
1448.0,0.0,0.5479672
1449.0,1.0,0.52063906
1451.0,0.0,0.50371945
1452.0,1.0,0.5848601
1453.0,1.0,0.63891286
1454.0,0.0,0.59082824
1456.0,1.0,0.5397985
1459.0,1.0,0.5930735
1467.0,0.0,0.4688174
1469.0,0.0,0.5070619
1476.0,1.0,0.5952722
1477.0,1.0,0.5734238
1478.0,0.0,0.45354673
1479.0,0.0,0.55274826
1483.0,1.0,0.6278697
1484.0,1.0,0.6167495
1487.0,1.0,0.71938276
1490.0,0.0,0.52180785
1495.0,0.0,0.5743393
1518.0,0.0,0.54533947
1521.0,0.0,0.6252879
1522.0,1.0,0.5829783
1529.0,1.0,0.6426312
1532.0,0.0,0.55402815
1533.0,1.0,0.6253097
1537.0,1.0,0.6946747
1539.0,1.0,0.650939
1540.0,0.0,0.52672344
1541.0,1.0,0.6167573
1543.0,1.0,0.676106
1544.0,0.0,0.5157865
1545.0,1.0,0.6442008
1550.0,1.0,0.61703813
1552.0,0.0,0.5979482
1553.0,0.0,0.63783944
1555.0,1.0,0.57505274
1557.0,1.0,0.55366784
1558.0,0.0,0.5163523
1559.0,0.0,0.6634118
1560.0,0.0,0.6321727
1561.0,1.0,0.54104024
1562.0,1.0,0.616387
1563.0,0.0,0.4999792
1564.0,0.0,0.5747297
1565.0,1.0,0.6068711
1569.0,0.0,0.56090903
1573.0,0.0,0.5920871
1578.0,0.0,0.6849651
1580.0,0.0,0.62154824
1582.0,0.0,0.66302896
1625.0,0.0,0.53593886
1626.0,1.0,0.55860984
1628.0,0.0,0.6230278
1630.0,1.0,0.628249
1632.0,1.0,0.6293307
1633.0,0.0,0.60047424
1634.0,0.0,0.61927533
1636.0,1.0,0.5903627
1637.0,0.0,0.6572469
1639.0,0.0,0.6246439
1641.0,0.0,0.6419042
1642.0,1.0,0.536576
1645.0,1.0,0.6144934
1647.0,1.0,0.6766851
1648.0,1.0,0.70809567
1650.0,0.0,0.5677553
1652.0,0.0,0.5347244
1653.0,1.0,0.64208746
1654.0,1.0,0.615415
1655.0,0.0,0.559114
1656.0,1.0,0.6545042
1658.0,1.0,0.65460354
1660.0,0.0,0.535757
1665.0,1.0,0.61939925
1667.0,1.0,0.6339309
1668.0,1.0,0.56096166
1669.0,1.0,0.6291312
1670.0,0.0,0.63622695
1672.0,0.0,0.5865745
1673.0,0.0,0.5986698
1674.0,1.0,0.5954432
1678.0,1.0,0.58412945
1680.0,1.0,0.56443924
1681.0,0.0,0.56773627
1682.0,1.0,0.6061092
1685.0,0.0,0.5871844
1686.0,0.0,0.5529854
1687.0,1.0,0.5384778
1691.0,1.0,0.6739626
1693.0,1.0,0.61040175
1696.0,1.0,0.64759773
1699.0,0.0,0.5218486
1700.0,1.0,0.6003621
1701.0,0.0,0.5039197
1703.0,0.0,0.5657952
1704.0,0.0,0.61905843
1705.0,0.0,0.5485222
1706.0,1.0,0.5300608
1707.0,0.0,0.50838006
1708.0,0.0,0.63755554
1715.0,0.0,0.62700915
1717.0,1.0,0.51964223
1721.0,1.0,0.57724494
1723.0,1.0,0.5774823
1724.0,1.0,0.63453007
1725.0,1.0,0.5695579
1729.0,0.0,0.548419
1731.0,0.0,0.52441275
1732.0,1.0,0.5922234
1733.0,0.0,0.501753
1739.0,1.0,0.5917392
1740.0,1.0,0.6045204
1741.0,0.0,0.5580535
1743.0,0.0,0.5484335
1749.0,0.0,0.5374565
1753.0,1.0,0.5291608
1757.0,1.0,0.54969925
1759.0,0.0,0.5305847
1760.0,0.0,0.53208256
1761.0,1.0,0.55780387
1762.0,0.0,0.5005271
1763.0,1.0,0.6372945
1764.0,0.0,0.4767829
1765.0,1.0,0.5992182
1768.0,1.0,0.5836931
1769.0,1.0,0.6590594
1774.0,0.0,0.5261205
1775.0,0.0,0.5044347
1777.0,0.0,0.5055468
1778.0,1.0,0.4430108
1779.0,1.0,0.56799376
1781.0,0.0,0.53310627
1798.0,0.0,0.57189226
1802.0,1.0,0.62579346
1808.0,0.0,0.53458774
1809.0,1.0,0.49234104
1815.0,1.0,0.566957
1817.0,0.0,0.5343669
1821.0,1.0,0.49959925
1829.0,1.0,0.6152552
1834.0,0.0,0.48375946
1836.0,1.0,0.61985135
1841.0,0.0,0.406766
1843.0,1.0,0.562093
1844.0,1.0,0.5788638
1851.0,1.0,0.48852673
1852.0,1.0,0.55344784
1854.0,1.0,0.6236913
1855.0,0.0,0.56527025
1858.0,0.0,0.5909336
1865.0,0.0,0.63125247
1866.0,0.0,0.5576355
1871.0,0.0,0.58699983
1872.0,1.0,0.64725846
1873.0,0.0,0.583664
1874.0,0.0,0.58943
1876.0,1.0,0.5526758
1878.0,1.0,0.61250764
1879.0,1.0,0.62148076
1881.0,1.0,0.67060614
1882.0,0.0,0.5296693
1885.0,1.0,0.61933583
1889.0,0.0,0.5185106
1891.0,1.0,0.67273724
1894.0,0.0,0.47112614
1895.0,1.0,0.6799693
1898.0,1.0,0.6663386
1899.0,0.0,0.5625444
1900.0,1.0,0.6363449
1906.0,0.0,0.50192064
1908.0,1.0,0.6660609
1929.0,1.0,0.608193
1935.0,1.0,0.5345295
1936.0,1.0,0.65202194
1938.0,1.0,0.6957294
1946.0,1.0,0.6749657
1990.0,0.0,0.52613246
1997.0,1.0,0.5904466
1999.0,1.0,0.6134774
2003.0,1.0,0.71268165
2004.0,1.0,0.7556651
2006.0,1.0,0.72894615
2008.0,1.0,0.7325177
2014.0,0.0,0.5503774
2018.0,1.0,0.5737308
2019.0,0.0,0.53483284
2020.0,1.0,0.5509176
2021.0,0.0,0.54354775
2023.0,0.0,0.6251647
2025.0,0.0,0.5857829
2029.0,0.0,0.5535914
2030.0,1.0,0.61829525
2032.0,1.0,0.64186
2033.0,1.0,0.654574
2034.0,1.0,0.64344025
2035.0,0.0,0.46994877
2037.0,0.0,0.6059429
2040.0,1.0,0.6205035
2041.0,1.0,0.64673406
2042.0,0.0,0.53300655
2044.0,0.0,0.52282
2045.0,1.0,0.600035
2047.0,1.0,0.6208262
2050.0,1.0,0.65070575
2051.0,1.0,0.512532
2052.0,0.0,0.48002788
2053.0,1.0,0.56306946
2054.0,0.0,0.5397884
2055.0,1.0,0.6314091
2060.0,1.0,0.601546
2065.0,0.0,0.6254887
2067.0,1.0,0.6264826
2068.0,1.0,0.67303234
2071.0,1.0,0.6936371
2073.0,1.0,0.6827528
2074.0,1.0,0.6771948
2077.0,1.0,0.706603
2082.0,1.0,0.6698955
2083.0,0.0,0.45495057
2085.0,1.0,0.6172157
2086.0,0.0,0.52812105
2088.0,0.0,0.52702737
2089.0,0.0,0.5932175
2092.0,0.0,0.6356564
2098.0,0.0,0.516296
2100.0,0.0,0.5648465
2104.0,1.0,0.56035715
2108.0,1.0,0.63524383
2111.0,0.0,0.49910337
2116.0,1.0,0.65907264
2121.0,0.0,0.4602325
2150.0,1.0,0.59764004
2151.0,0.0,0.58473164
2156.0,0.0,0.5877898
2159.0,0.0,0.65331876
2163.0,0.0,0.59899324
2170.0,1.0,0.6421609
2171.0,1.0,0.6005645
2172.0,0.0,0.54602504
2176.0,0.0,0.62906855
2178.0,0.0,0.6575434
2190.0,1.0,0.6245482
2204.0,1.0,0.63389397
2205.0,1.0,0.7332554
2206.0,1.0,0.73704964
2209.0,0.0,0.59336
2216.0,1.0,0.5713106
2229.0,0.0,0.61240983
2241.0,1.0,0.59157413
2242.0,1.0,0.61623484
2247.0,1.0,0.59179276
2253.0,1.0,0.6938472
2254.0,0.0,0.5155309
2255.0,1.0,0.7444979
2256.0,0.0,0.53160983
2258.0,1.0,0.6454798
2259.0,1.0,0.67080456
2261.0,1.0,0.69871205
2272.0,0.0,0.5664424
2274.0,1.0,0.63771427
2275.0,0.0,0.65588653
2282.0,1.0,0.6102817
2284.0,1.0,0.6341437
2286.0,1.0,0.6626239
2288.0,1.0,0.6341423
2290.0,0.0,0.6270355
2291.0,0.0,0.6618336
2296.0,1.0,0.62464577
2300.0,1.0,0.6208573
2301.0,1.0,0.62456334
2305.0,1.0,0.69061005
2307.0,1.0,0.64755464
2308.0,0.0,0.6177301
2309.0,0.0,0.5645886
2311.0,1.0,0.6662278
2313.0,1.0,0.6719228
2314.0,1.0,0.6831857
2316.0,1.0,0.5932268
2318.0,0.0,0.62766176
2320.0,0.0,0.6268584
2323.0,1.0,0.6715992
2474.0,0.0,0.57533276
2481.0,0.0,0.51815724
2486.0,0.0,0.5786749
2491.0,1.0,0.5684913
2494.0,1.0,0.53414816
2495.0,0.0,0.5646314
2496.0,0.0,0.55431336
2509.0,0.0,0.53795916
2511.0,0.0,0.53396493
2514.0,1.0,0.5081049
2515.0,1.0,0.5504567
2517.0,1.0,0.609696
2520.0,1.0,0.59651804
2521.0,1.0,0.63971263
2522.0,1.0,0.6781151
2524.0,1.0,0.65223336
2525.0,0.0,0.5550626
2526.0,1.0,0.67615616
2528.0,1.0,0.6747987
2529.0,0.0,0.5134334
2532.0,1.0,0.6626471
2533.0,0.0,0.5409061
2536.0,1.0,0.67655325
2537.0,1.0,0.67056036
2542.0,1.0,0.7338391
2544.0,1.0,0.6111167
2545.0,1.0,0.6664112
2549.0,1.0,0.6448885
2551.0,0.0,0.5499444
2552.0,0.0,0.5808373
2554.0,1.0,0.5989859
2555.0,0.0,0.5271819
2557.0,0.0,0.58394426
2558.0,0.0,0.6718969
2559.0,0.0,0.6315653
2560.0,1.0,0.550866
2561.0,0.0,0.6215322
2562.0,1.0,0.6538551
2564.0,1.0,0.5919587
2565.0,1.0,0.6121055
2566.0,0.0,0.54369295
2567.0,1.0,0.62104607
2570.0,1.0,0.6340428
2575.0,1.0,0.6153489
2576.0,0.0,0.49627814
2577.0,1.0,0.6505722
2578.0,1.0,0.66301495
2624.0,0.0,0.61327004
2627.0,1.0,0.6505962
2630.0,1.0,0.6695708
2633.0,1.0,0.6431121
2634.0,0.0,0.46360132
2635.0,1.0,0.6166254
2637.0,0.0,0.5107467
2638.0,1.0,0.5978649
2640.0,1.0,0.6495996
2641.0,0.0,0.5114314
2645.0,0.0,0.60382485
2646.0,0.0,0.54291284
2647.0,1.0,0.682607
2649.0,0.0,0.5360048
2650.0,1.0,0.646563
2651.0,1.0,0.5983667
2652.0,1.0,0.6776727
2694.0,1.0,0.5860218
2697.0,1.0,0.5989107
2699.0,0.0,0.52745354
2707.0,1.0,0.63869786
2708.0,1.0,0.6652753
2709.0,0.0,0.48714757
2712.0,0.0,0.50634617
2716.0,1.0,0.63844395
2720.0,1.0,0.69267666
2721.0,1.0,0.6740107
2727.0,0.0,0.5241029
2728.0,1.0,0.55569845
2731.0,0.0,0.55385536
2733.0,1.0,0.545465
2737.0,0.0,0.49880385
2738.0,1.0,0.59666306
2745.0,0.0,0.4525053
2746.0,1.0,0.60704374
2753.0,0.0,0.55884564
2758.0,0.0,0.47390643
2759.0,1.0,0.54956347
2763.0,1.0,0.624355
2764.0,0.0,0.50297827
2766.0,1.0,0.54687804
2774.0,1.0,0.6015251
2778.0,1.0,0.5948459
2781.0,1.0,0.69971657
2790.0,0.0,0.47463572
2799.0,1.0,0.6366192
2832.0,1.0,0.55462635
2834.0,1.0,0.6117799
2835.0,1.0,0.5529192
2836.0,1.0,0.6786916
2839.0,0.0,0.6348821
2842.0,1.0,0.5852885
2844.0,0.0,0.5823092
2845.0,1.0,0.6047251
2851.0,1.0,0.67322695
2855.0,0.0,0.55506223
2857.0,0.0,0.582487
2860.0,1.0,0.59712017
2861.0,0.0,0.530675
2865.0,1.0,0.64292604
2867.0,0.0,0.65087837
2868.0,1.0,0.6370027
2870.0,1.0,0.5219031
2878.0,0.0,0.5901622
2881.0,1.0,0.53773934
2883.0,1.0,0.56778985
2887.0,1.0,0.5600433
2888.0,1.0,0.63335043
2890.0,1.0,0.6602705
2894.0,0.0,0.5020598
2895.0,1.0,0.6336164
2897.0,0.0,0.5607788
2898.0,0.0,0.5915639
2900.0,1.0,0.5810907
2955.0,1.0,0.5820374
2965.0,1.0,0.6606226
2966.0,0.0,0.486077
2974.0,1.0,0.6569718
3007.0,1.0,0.65314555
3008.0,1.0,0.6995324
3010.0,1.0,0.6834821
3011.0,1.0,0.72072595
3012.0,1.0,0.72247136
3013.0,1.0,0.7795275
3016.0,1.0,0.6895062
3017.0,0.0,0.54168236
3019.0,0.0,0.51016474
3021.0,0.0,0.603125
3024.0,1.0,0.6379541
3025.0,1.0,0.66047746
3026.0,1.0,0.77443016
3029.0,1.0,0.7246654
3032.0,1.0,0.7699847
3033.0,1.0,0.790533
3072.0,1.0,0.61883956
3074.0,0.0,0.5182896
3076.0,1.0,0.5572919
3079.0,0.0,0.49589604
3083.0,0.0,0.4922936
3084.0,0.0,0.60085356
3090.0,0.0,0.6179781
3091.0,0.0,0.64534914
3097.0,1.0,0.48478326
3100.0,0.0,0.6222098
3106.0,1.0,0.5265476
3108.0,0.0,0.6228038
3112.0,1.0,0.5538321
3114.0,0.0,0.58621323
3125.0,0.0,0.5839472
3126.0,1.0,0.532116
3127.0,1.0,0.53579336
3142.0,1.0,0.7093431
3144.0,1.0,0.7054719
3146.0,0.0,0.6186219
3151.0,1.0,0.6511819
3153.0,1.0,0.6504814
3154.0,1.0,0.61412984
3156.0,0.0,0.5756771
3157.0,1.0,0.62310565
3159.0,1.0,0.67406577
3163.0,1.0,0.64822525
3166.0,0.0,0.5032321
3167.0,1.0,0.6332725
3168.0,1.0,0.7050564
3169.0,0.0,0.4937291
3170.0,0.0,0.50619143
3174.0,0.0,0.50050026
3175.0,1.0,0.69606453
3176.0,0.0,0.4773669
3179.0,1.0,0.5328658
3181.0,0.0,0.5240561
3182.0,0.0,0.5813365
3191.0,0.0,0.6593472
3194.0,1.0,0.55959743
3195.0,0.0,0.5430787
3197.0,0.0,0.60158074
3198.0,1.0,0.5297642
3199.0,0.0,0.6278351
3200.0,0.0,0.65576655
3203.0,1.0,0.5279907
3205.0,0.0,0.6262902
3208.0,1.0,0.53803796
3209.0,1.0,0.5782526
3210.0,0.0,0.60925215
3211.0,1.0,0.5904764
3215.0,0.0,0.5780071
3216.0,1.0,0.56659424
3217.0,0.0,0.5772119
3218.0,0.0,0.6132962
3219.0,1.0,0.5948916
3221.0,0.0,0.5911153
3223.0,1.0,0.61174035
3225.0,0.0,0.66927314
3227.0,1.0,0.57083637
3228.0,1.0,0.5435851
3231.0,1.0,0.5770135
3232.0,0.0,0.5219789
3233.0,1.0,0.53888434
3235.0,0.0,0.5892829
3237.0,1.0,0.5373688
3240.0,1.0,0.6348153
3241.0,1.0,0.6138669
3248.0,1.0,0.6012033
3249.0,0.0,0.56042147
3254.0,0.0,0.5472492
3257.0,0.0,0.56077296
3258.0,0.0,0.68545806
3259.0,1.0,0.5851421
3261.0,1.0,0.5934282
3265.0,1.0,0.61317605
3270.0,0.0,0.4832643
3272.0,0.0,0.53003
3274.0,1.0,0.58685327
3276.0,1.0,0.59441847
3277.0,1.0,0.63543916
3279.0,1.0,0.6857896
3283.0,0.0,0.61669344
3288.0,1.0,0.6382904
3292.0,1.0,0.60084856
3295.0,1.0,0.57112354
3327.0,0.0,0.5742916
3328.0,1.0,0.54412127
3331.0,0.0,0.5365667
3336.0,1.0,0.49328062
3339.0,0.0,0.50429547
3340.0,0.0,0.6288752
3346.0,0.0,0.6131883
3347.0,1.0,0.61504334
3350.0,0.0,0.63642484
3352.0,0.0,0.59125686
3357.0,0.0,0.65793127
3358.0,0.0,0.63066524
3359.0,0.0,0.68323433
3478.0,1.0,0.6221484
3479.0,1.0,0.6473764
3481.0,1.0,0.6456217
3484.0,1.0,0.6611635
3485.0,0.0,0.5147708
3487.0,0.0,0.45951328
3493.0,1.0,0.590722
3494.0,0.0,0.5563173
3495.0,1.0,0.63718617
3497.0,0.0,0.47238484
3498.0,0.0,0.6202182
3504.0,1.0,0.6740753
3509.0,0.0,0.5614963
3513.0,1.0,0.6259863
3514.0,1.0,0.64828426
3515.0,1.0,0.62533045
3516.0,1.0,0.7079828
3521.0,1.0,0.68084764
3528.0,0.0,0.55748266
3536.0,1.0,0.6414154
3537.0,1.0,0.6530743
3539.0,1.0,0.7077616
3541.0,1.0,0.7145971
3543.0,0.0,0.5576849
3547.0,1.0,0.6263332
3619.0,0.0,0.5701377
3621.0,0.0,0.5848558
3623.0,0.0,0.59664714
3625.0,0.0,0.63590026
3632.0,0.0,0.6991168
3635.0,0.0,0.6919231
3637.0,0.0,0.71359587
3638.0,1.0,0.45923164
3639.0,0.0,0.6951597
3640.0,0.0,0.6803398
3645.0,1.0,0.6054681
3646.0,1.0,0.62801206
3648.0,0.0,0.5934774
3649.0,0.0,0.5579092
3651.0,1.0,0.5995855
3652.0,0.0,0.5908223
3654.0,1.0,0.49309367
3655.0,1.0,0.60197777
3656.0,0.0,0.52973515
3658.0,1.0,0.6450809
3659.0,1.0,0.6367562
3660.0,0.0,0.5285199
3663.0,1.0,0.5482222
3664.0,0.0,0.57897544
3665.0,1.0,0.6308782
3666.0,1.0,0.6514384
3669.0,0.0,0.48797226
3671.0,0.0,0.5857193
3672.0,0.0,0.5229158
3673.0,0.0,0.6333147
3674.0,1.0,0.5623575
3675.0,0.0,0.5376934
3676.0,0.0,0.51904094
3677.0,0.0,0.56272626
3678.0,1.0,0.5481363
3679.0,1.0,0.6909808
3680.0,1.0,0.56929773
3682.0,1.0,0.65866405
3730.0,1.0,0.6201434
3732.0,0.0,0.5248294
3733.0,0.0,0.6016085
3734.0,1.0,0.59544474
3735.0,0.0,0.5209854
3736.0,1.0,0.5408729
3740.0,1.0,0.6874066
3741.0,1.0,0.61344856
3742.0,0.0,0.51329285
3743.0,1.0,0.5967616
3744.0,0.0,0.4816954
3745.0,1.0,0.65130466
3746.0,1.0,0.55590105
3747.0,0.0,0.4659629
3748.0,1.0,0.6826361
3750.0,0.0,0.53830576
3751.0,1.0,0.68479776
3752.0,0.0,0.4452954
3754.0,1.0,0.5695547
3755.0,1.0,0.56335133
3756.0,0.0,0.42717603
3757.0,0.0,0.65719306
3758.0,0.0,0.6289774
3759.0,1.0,0.58194005
3760.0,0.0,0.43801713
3761.0,1.0,0.652016
3762.0,0.0,0.52467537
3765.0,1.0,0.6428185
3766.0,1.0,0.5674217
3767.0,0.0,0.60013586
3768.0,0.0,0.61600035
3769.0,1.0,0.60049975
3771.0,0.0,0.548997
3772.0,1.0,0.5915263
3773.0,1.0,0.5615046
3774.0,0.0,0.54742175
3775.0,1.0,0.5160511
3776.0,1.0,0.5881991
3777.0,0.0,0.57590383
3778.0,0.0,0.57874423
3779.0,0.0,0.58329254
3780.0,1.0,0.61703444
3781.0,1.0,0.5882638
3782.0,1.0,0.6167935
3783.0,1.0,0.6316197
3784.0,1.0,0.6716073
3785.0,1.0,0.62755084
3786.0,0.0,0.5487559
3787.0,0.0,0.5619879
3788.0,0.0,0.51950365
3789.0,1.0,0.6119946
3790.0,1.0,0.580087
3791.0,1.0,0.6390868
3793.0,1.0,0.63922256
3794.0,1.0,0.7181303
3795.0,0.0,0.47855517
3796.0,1.0,0.63712054
3799.0,1.0,0.62633306
3800.0,1.0,0.65938574
3801.0,0.0,0.5532718
3803.0,1.0,0.570023
3804.0,1.0,0.5979445
3805.0,1.0,0.6067782
3807.0,0.0,0.5366405
3808.0,1.0,0.5294958
3810.0,1.0,0.5964541
3811.0,0.0,0.42955044
3812.0,1.0,0.558859
3813.0,1.0,0.6240102
3814.0,1.0,0.6428179
3816.0,0.0,0.46789396
3817.0,0.0,0.49517083
3818.0,1.0,0.6428765
3819.0,1.0,0.60091394
3820.0,1.0,0.655595
3821.0,0.0,0.5058337
3822.0,0.0,0.48306736
3825.0,1.0,0.6728307
3826.0,1.0,0.6824285
3828.0,1.0,0.65669286
3829.0,1.0,0.718375
3832.0,0.0,0.5000395
3834.0,0.0,0.56507355
3835.0,1.0,0.5211119
3837.0,1.0,0.57038224
3839.0,1.0,0.5555873
3840.0,1.0,0.59518105
3841.0,1.0,0.65145934
3854.0,0.0,0.4743061
3855.0,1.0,0.5848237
3858.0,0.0,0.5030337
3859.0,0.0,0.48944616
3861.0,0.0,0.56963444
3862.0,1.0,0.60851276
3865.0,0.0,0.46543586
3866.0,1.0,0.6403356
3867.0,0.0,0.39777792
3870.0,0.0,0.58338165
3871.0,0.0,0.5561932
3872.0,1.0,0.53986907
3873.0,0.0,0.5224175
3876.0,1.0,0.5761814
3878.0,0.0,0.49375448
3879.0,0.0,0.5716585
3880.0,1.0,0.5252234
3882.0,1.0,0.5128754
3883.0,0.0,0.53724957
3885.0,1.0,0.6018763
3886.0,0.0,0.55791765
3887.0,1.0,0.55407286
3888.0,1.0,0.60230935
3889.0,1.0,0.579198
3890.0,1.0,0.64400774
3891.0,1.0,0.6688093
3892.0,1.0,0.6649928
3893.0,0.0,0.49212095
3895.0,1.0,0.551577
3896.0,0.0,0.53764224
3897.0,0.0,0.45199293
3898.0,0.0,0.55626327
3899.0,0.0,0.54653543
3900.0,1.0,0.5802262
3901.0,1.0,0.6495141
3902.0,1.0,0.6621949
3903.0,0.0,0.53868383
3904.0,1.0,0.56629455
3905.0,1.0,0.6678369
3906.0,1.0,0.6393471
3907.0,1.0,0.6390258
3913.0,0.0,0.57249933
3914.0,1.0,0.6493093
3915.0,1.0,0.7000196
3916.0,1.0,0.7337508
3917.0,1.0,0.7372212
3918.0,1.0,0.699288
3919.0,1.0,0.7446819
3920.0,0.0,0.5786943
3922.0,1.0,0.6104687
3923.0,0.0,0.5241749
3928.0,1.0,0.75508446
3929.0,0.0,0.5702507
3931.0,1.0,0.765727
3933.0,0.0,0.4494417
3936.0,1.0,0.6922075
4117.0,0.0,0.60007715
4118.0,1.0,0.5102507
4119.0,1.0,0.6586128
4120.0,1.0,0.561412
4121.0,1.0,0.6841918
4122.0,1.0,0.6757356
4123.0,1.0,0.6868486
4124.0,1.0,0.67030317
4125.0,1.0,0.76622546
4126.0,1.0,0.7480171
4127.0,1.0,0.74629027
4128.0,0.0,0.49213383
4129.0,1.0,0.6562599
4131.0,1.0,0.65357304
4133.0,1.0,0.6929577
4134.0,1.0,0.7082702
4135.0,0.0,0.48220733
4137.0,0.0,0.4901038
4138.0,0.0,0.37351388
4139.0,1.0,0.69057906
4140.0,1.0,0.6901293
4141.0,0.0,0.39244983
4142.0,1.0,0.65744245
4144.0,0.0,0.37911433
4145.0,1.0,0.6451229
4187.0,1.0,0.6554771
4188.0,1.0,0.66085607
4191.0,1.0,0.7221285
4192.0,1.0,0.7127673
4193.0,1.0,0.689348
4194.0,1.0,0.798856
4196.0,0.0,0.40008566
4197.0,0.0,0.45610964
4198.0,1.0,0.630337
4199.0,1.0,0.73723716
4201.0,0.0,0.49188864
4202.0,1.0,0.5963552
4203.0,0.0,0.5071834
4204.0,0.0,0.4465821
4205.0,0.0,0.46877354
4206.0,1.0,0.6002112
4207.0,1.0,0.69216096
4209.0,1.0,0.69432014
4211.0,1.0,0.65994227
4212.0,1.0,0.7504056
4288.0,0.0,0.5161697
4289.0,1.0,0.54633546
4291.0,0.0,0.61772317
4292.0,1.0,0.58453953
4293.0,0.0,0.5042028
4294.0,0.0,0.5752536
4295.0,0.0,0.60154295
4296.0,0.0,0.6976846
4297.0,1.0,0.5370798
4298.0,1.0,0.46083358
4299.0,1.0,0.50270116
4302.0,0.0,0.57285196
4303.0,1.0,0.46319884
4305.0,1.0,0.5410905
4306.0,1.0,0.6338168
4307.0,1.0,0.5773095
4308.0,1.0,0.6188551
4310.0,1.0,0.6101788
4311.0,1.0,0.6476348
4315.0,0.0,0.588687
4317.0,0.0,0.46634904
4321.0,1.0,0.6134788
4322.0,1.0,0.6237821
4324.0,1.0,0.6203279
4326.0,1.0,0.6519267
4328.0,0.0,0.65637726
4330.0,1.0,0.585802
4331.0,1.0,0.6162026
4332.0,1.0,0.7042098
4334.0,1.0,0.67772055
4335.0,1.0,0.6931583
4336.0,1.0,0.69497097
4337.0,0.0,0.53734434
4338.0,1.0,0.6993712
4339.0,1.0,0.68457603
4340.0,0.0,0.5720665
4341.0,0.0,0.5845418
4343.0,0.0,0.6434236
4344.0,1.0,0.6065755
4345.0,0.0,0.56588256
4346.0,0.0,0.60319936
4348.0,0.0,0.6091723
4349.0,1.0,0.57992774
4350.0,0.0,0.55938995
4351.0,1.0,0.60509825
4352.0,0.0,0.4939922
4353.0,1.0,0.6661781
4354.0,1.0,0.66430897
4356.0,1.0,0.7394368
4357.0,1.0,0.6729556
4358.0,0.0,0.6006971
4359.0,1.0,0.6251305
4360.0,0.0,0.55207354
4361.0,1.0,0.6955932
4362.0,1.0,0.71437794
4364.0,1.0,0.62633765
4365.0,0.0,0.52167237
4366.0,1.0,0.57718253
4368.0,1.0,0.6791781
4370.0,1.0,0.66844624
4371.0,0.0,0.58926874
4372.0,0.0,0.5676346
4373.0,1.0,0.6206287
4374.0,0.0,0.5903789
4377.0,1.0,0.59147966
4379.0,1.0,0.6873374
4380.0,0.0,0.5463341
4383.0,1.0,0.62504226
4385.0,1.0,0.5874625
4386.0,0.0,0.5679754
4387.0,1.0,0.7155475
4388.0,0.0,0.5692629
4389.0,0.0,0.60197747
4390.0,1.0,0.61604553
4392.0,1.0,0.6587905
4393.0,1.0,0.6869225
4395.0,1.0,0.69063944
4396.0,0.0,0.54666185
4397.0,1.0,0.68044454
4399.0,0.0,0.5143121
4400.0,0.0,0.61417395
4401.0,1.0,0.54635566
4402.0,0.0,0.54347193
4404.0,1.0,0.52041227
4405.0,0.0,0.49525312
4406.0,0.0,0.5841813
4407.0,0.0,0.62241304
4408.0,1.0,0.6078953
4411.0,1.0,0.52108073
4412.0,1.0,0.505973
4413.0,0.0,0.525936
4414.0,1.0,0.5607128
4415.0,1.0,0.51890475
4416.0,0.0,0.478499
4417.0,1.0,0.5752292
4418.0,0.0,0.5677933
4419.0,1.0,0.5871833
4420.0,1.0,0.6066936
4421.0,0.0,0.48177817
4422.0,0.0,0.6081747
4424.0,1.0,0.57647794
4425.0,1.0,0.6177673
4426.0,1.0,0.6623226
4427.0,0.0,0.5413668
4429.0,1.0,0.5803332
4430.0,1.0,0.55463654
4431.0,0.0,0.54210734
4432.0,1.0,0.57606024
4433.0,1.0,0.61744326
4435.0,0.0,0.44041005
4437.0,0.0,0.5006472
4438.0,1.0,0.59497917
4439.0,0.0,0.5944
4440.0,0.0,0.55812246
4441.0,0.0,0.582187
4442.0,1.0,0.60808897
4443.0,1.0,0.59226304
4444.0,1.0,0.5618313
4445.0,1.0,0.5683016
4446.0,0.0,0.4660109
4447.0,0.0,0.61920136
4448.0,1.0,0.60585546
4449.0,1.0,0.5393957
4450.0,1.0,0.61228174
4451.0,1.0,0.6265763
4453.0,0.0,0.43379688
4454.0,1.0,0.598986
4455.0,1.0,0.5851274
4456.0,1.0,0.63412404
4457.0,0.0,0.5200166
4458.0,1.0,0.5552628
4459.0,1.0,0.5975474
4460.0,1.0,0.5902377
4461.0,1.0,0.66144943
4462.0,0.0,0.43776473
4463.0,1.0,0.60528463
4464.0,0.0,0.38475773
4465.0,0.0,0.51530683
4466.0,0.0,0.5765403
4467.0,0.0,0.5331545
4468.0,1.0,0.6345771
4469.0,0.0,0.514503
4470.0,1.0,0.6953924
4471.0,1.0,0.6346425
4473.0,1.0,0.5800926
4475.0,1.0,0.6021323
4478.0,1.0,0.65711015
4481.0,0.0,0.45251128
4482.0,1.0,0.58773106
4483.0,0.0,0.44990876
4484.0,0.0,0.5210317
4485.0,0.0,0.55016214
4488.0,1.0,0.6338944
4489.0,1.0,0.6786702
4490.0,1.0,0.6258604
4492.0,1.0,0.6357784
4493.0,0.0,0.5289718
4494.0,1.0,0.60404766
4495.0,0.0,0.43717134
4496.0,1.0,0.63337266
4497.0,0.0,0.48647317
4500.0,0.0,0.5315262
4501.0,1.0,0.57698214
4502.0,0.0,0.49649808
4503.0,0.0,0.4510951
4504.0,1.0,0.63023347
4505.0,1.0,0.5863221
4507.0,1.0,0.5935195
4539.0,0.0,0.48527533
4540.0,0.0,0.5896201
4541.0,1.0,0.62569195
4542.0,0.0,0.54064995
4544.0,1.0,0.54743326
4546.0,0.0,0.5313114
4547.0,1.0,0.56848294
4548.0,0.0,0.54763746
4549.0,1.0,0.5984519
4550.0,1.0,0.6249315
4551.0,0.0,0.5286845
4553.0,0.0,0.488892
4555.0,0.0,0.5861555
4556.0,0.0,0.63712585
4559.0,0.0,0.5410265
4560.0,0.0,0.6238674
4563.0,1.0,0.52298594
4564.0,0.0,0.5787547
4565.0,1.0,0.5911886
4566.0,0.0,0.54886067
4568.0,1.0,0.5711587
4570.0,1.0,0.56694037
4573.0,0.0,0.5879789
4576.0,0.0,0.6172531
4577.0,1.0,0.614265
4580.0,0.0,0.52613515
4581.0,0.0,0.6423431
4583.0,1.0,0.5549055
4584.0,1.0,0.52956367
4585.0,0.0,0.59667075
4586.0,1.0,0.5917513
4587.0,0.0,0.52685094
4588.0,1.0,0.59659916
4589.0,0.0,0.53753906
4590.0,0.0,0.50920975
4591.0,1.0,0.5344881
4593.0,0.0,0.49642444
4595.0,0.0,0.54027987
4596.0,1.0,0.66802424
4597.0,1.0,0.60085505
4601.0,1.0,0.5971314
4605.0,1.0,0.6477615
4606.0,1.0,0.6803462
4611.0,0.0,0.5444388
4613.0,0.0,0.56034553
4616.0,1.0,0.5419455
4617.0,0.0,0.57264936
4619.0,1.0,0.60072386
4620.0,0.0,0.5852828
4621.0,1.0,0.62073845
4622.0,0.0,0.5784927
4623.0,1.0,0.60219526
4625.0,1.0,0.6086448
4628.0,0.0,0.6002815
4629.0,0.0,0.6538407
4632.0,1.0,0.55943185
4633.0,1.0,0.5402259
4634.0,1.0,0.57477343
4636.0,1.0,0.5973067
4640.0,0.0,0.59483796
4643.0,1.0,0.61226773
4644.0,1.0,0.5845921
4646.0,1.0,0.6609703
4647.0,0.0,0.51519173
4651.0,0.0,0.60538536
4653.0,1.0,0.54816777
4654.0,1.0,0.5400251
4655.0,1.0,0.6025676
4656.0,1.0,0.5688688
4659.0,0.0,0.46940798
4660.0,1.0,0.5869887
4661.0,1.0,0.6303753
4662.0,0.0,0.5413791
4664.0,1.0,0.6660137
4666.0,0.0,0.56633204
4669.0,1.0,0.65340275
4672.0,1.0,0.57160914
4673.0,1.0,0.54011595
4676.0,1.0,0.5968349
4677.0,0.0,0.4227644
4679.0,1.0,0.66959614
4680.0,1.0,0.6180017
4682.0,1.0,0.64029914
4684.0,1.0,0.7021936
4687.0,1.0,0.52316874
4689.0,1.0,0.50789267
4692.0,1.0,0.6336575
4693.0,1.0,0.5823028
4695.0,1.0,0.6912494
4696.0,1.0,0.63088197
4697.0,0.0,0.4689818
4700.0,1.0,0.6614722
4701.0,0.0,0.4567122
4703.0,0.0,0.45152876
4705.0,0.0,0.62836546
4707.0,0.0,0.4894416
4709.0,1.0,0.61374396
4710.0,1.0,0.6599185
4714.0,1.0,0.5995438
4718.0,0.0,0.53164834
4719.0,1.0,0.7536492
4720.0,1.0,0.59547496
4721.0,0.0,0.54862696
4722.0,0.0,0.6015395
4723.0,1.0,0.5537425
4725.0,0.0,0.5910889
4726.0,1.0,0.46861565
4727.0,1.0,0.58652747
4728.0,1.0,0.59398276
4730.0,1.0,0.64533186
4731.0,1.0,0.6691981
4738.0,1.0,0.7066831
4742.0,0.0,0.42061782
4747.0,1.0,0.62156934
4750.0,1.0,0.60947615
4753.0,0.0,0.45762858
4754.0,0.0,0.54612017
4756.0,1.0,0.556883
4757.0,1.0,0.60813934
4758.0,0.0,0.49957395
4759.0,0.0,0.569902
4761.0,1.0,0.52574426
4762.0,1.0,0.5871566
4763.0,1.0,0.6612005
4764.0,1.0,0.62298703
4765.0,1.0,0.64852244
4773.0,0.0,0.59948087
4774.0,1.0,0.6017214
4776.0,0.0,0.49980685
4779.0,0.0,0.58557165
4780.0,1.0,0.5928464
4781.0,0.0,0.5741542
4783.0,1.0,0.5991968
4784.0,0.0,0.5237201
4789.0,0.0,0.5693144
4790.0,0.0,0.58733505
4791.0,1.0,0.605037
4792.0,0.0,0.63089824
4796.0,0.0,0.49539852
4797.0,0.0,0.65435493
4798.0,0.0,0.52511656
4799.0,0.0,0.58308727
4801.0,1.0,0.62085444
4803.0,1.0,0.61300987
4807.0,1.0,0.5956723
4811.0,1.0,0.59892577
4812.0,1.0,0.6449844
4819.0,1.0,0.71068543
4820.0,1.0,0.7106454
4821.0,1.0,0.7264475
4823.0,1.0,0.78328514
4825.0,0.0,0.38655835
4826.0,0.0,0.43692115
4827.0,1.0,0.6786821
4832.0,1.0,0.583377
4833.0,0.0,0.61688167
4834.0,1.0,0.6207429
4836.0,1.0,0.6735369
4837.0,1.0,0.6766458
4838.0,1.0,0.69170964
4839.0,1.0,0.77101743
4840.0,0.0,0.594433
4843.0,0.0,0.5668258
4844.0,1.0,0.68233013
4847.0,0.0,0.5645455
4849.0,1.0,0.7039027
4853.0,1.0,0.77839273
4854.0,1.0,0.65620595
4859.0,0.0,0.6360207
4861.0,0.0,0.6056675
4864.0,0.0,0.5554916
4865.0,1.0,0.477812
4867.0,1.0,0.7214134
4869.0,1.0,0.7306237
4870.0,1.0,0.7664039
4872.0,1.0,0.747789
4873.0,1.0,0.7506977
4876.0,1.0,0.7548226
4877.0,0.0,0.43255258
4879.0,1.0,0.7757095
4881.0,1.0,0.5588201
4882.0,0.0,0.5140099
4886.0,0.0,0.5784328
4887.0,0.0,0.525134
4889.0,1.0,0.5538841
4890.0,1.0,0.6185545
4893.0,1.0,0.6072113
4896.0,1.0,0.71075886
4898.0,1.0,0.6751559
4899.0,1.0,0.71233827
4900.0,1.0,0.6327321
4901.0,0.0,0.49764633
4903.0,1.0,0.6499742
4905.0,1.0,0.6117993
4906.0,1.0,0.6959828
4908.0,0.0,0.5283931
4910.0,0.0,0.44526485
4912.0,0.0,0.5457128
4913.0,0.0,0.5279383
4914.0,1.0,0.62056875
4915.0,1.0,0.6128298
4916.0,1.0,0.5067561
4917.0,0.0,0.51143193
4918.0,0.0,0.520886
4922.0,1.0,0.45992202
4923.0,0.0,0.58452487
4926.0,0.0,0.53642696
4929.0,0.0,0.5583142
4931.0,0.0,0.6262679
4934.0,1.0,0.4508929
4935.0,1.0,0.55471665
4937.0,1.0,0.533586
4938.0,1.0,0.5640461
4939.0,0.0,0.62451684
4940.0,1.0,0.5053133
4941.0,0.0,0.6202594
4943.0,0.0,0.6280083
4944.0,0.0,0.6150173
4946.0,1.0,0.47196263
4947.0,0.0,0.63833785
4948.0,1.0,0.4561596
5009.0,1.0,0.52618176
5012.0,0.0,0.5335896
5015.0,0.0,0.5547117
5017.0,0.0,0.5534114
5018.0,0.0,0.57082117
5025.0,0.0,0.57158697
5028.0,0.0,0.519323
5030.0,0.0,0.49392065
5032.0,1.0,0.6446749
5036.0,0.0,0.5292965
5037.0,0.0,0.5309734
5039.0,1.0,0.5894198
5041.0,1.0,0.6500285
5126.0,1.0,0.49282193
5129.0,1.0,0.59441197
5132.0,0.0,0.48846224
5135.0,1.0,0.5000858
5137.0,0.0,0.5589287
5139.0,0.0,0.5188906
5141.0,1.0,0.5857554
5145.0,0.0,0.51555794
5148.0,1.0,0.65175945
5150.0,1.0,0.61409336
5151.0,0.0,0.5493768
5152.0,0.0,0.5307376
5153.0,1.0,0.5814651
5154.0,0.0,0.5453428
5155.0,1.0,0.6252999
5156.0,0.0,0.50557435
5158.0,0.0,0.5853846
5159.0,1.0,0.61552155
5161.0,0.0,0.53705466
5165.0,1.0,0.5992999
5167.0,0.0,0.52648854
5168.0,1.0,0.5593935
5170.0,0.0,0.5686401
5171.0,1.0,0.49990073
5172.0,1.0,0.5757559
5175.0,0.0,0.5033215
5176.0,1.0,0.57545614
5177.0,1.0,0.63311195
5178.0,1.0,0.67553234
5179.0,0.0,0.47937286
5180.0,0.0,0.49293187
5181.0,0.0,0.48632437
5182.0,0.0,0.6021191
5184.0,1.0,0.5481752
5185.0,0.0,0.5413931
5186.0,0.0,0.5496166
5189.0,0.0,0.5623723
5190.0,1.0,0.58522254
5191.0,1.0,0.6014978
5192.0,0.0,0.5393646
5194.0,1.0,0.5493654
5195.0,0.0,0.55262345
5197.0,0.0,0.50366837
5198.0,1.0,0.53236336
5199.0,1.0,0.54406124
5200.0,0.0,0.5567006
5202.0,0.0,0.58752596
5203.0,1.0,0.55829465
5204.0,1.0,0.5600264
5206.0,1.0,0.6188237
5207.0,1.0,0.63973826
5244.0,1.0,0.6162834
5245.0,1.0,0.58924717
5246.0,1.0,0.6769425
5248.0,1.0,0.6166964
5252.0,1.0,0.634161
5253.0,0.0,0.55196655
5254.0,1.0,0.60258
5255.0,1.0,0.6289446
5256.0,0.0,0.52451026
5257.0,1.0,0.6828934
5260.0,0.0,0.5076284
5261.0,0.0,0.4850845
5264.0,0.0,0.48473373
5265.0,1.0,0.6232951
5267.0,1.0,0.5342481
5268.0,1.0,0.66099715
5269.0,1.0,0.63410884
5272.0,0.0,0.56959206
5274.0,0.0,0.53396803
5275.0,0.0,0.46107507
5276.0,0.0,0.64170504
5279.0,1.0,0.61493975
5280.0,1.0,0.6487586
5281.0,1.0,0.626281
5282.0,1.0,0.67506033
5283.0,1.0,0.63142973
5284.0,1.0,0.70078677
5285.0,1.0,0.69853866
5286.0,0.0,0.53240067
5288.0,1.0,0.67654014
5289.0,1.0,0.6596915
5290.0,1.0,0.6535245
5291.0,1.0,0.7665354
5293.0,0.0,0.41326466
5294.0,0.0,0.49703497
5295.0,1.0,0.6924603
5297.0,1.0,0.70966417
5298.0,1.0,0.7246746
5299.0,0.0,0.5152472
5300.0,1.0,0.71835285
5304.0,1.0,0.70531636
5305.0,1.0,0.79950494
5306.0,0.0,0.5486869
5310.0,1.0,0.6140501
5311.0,1.0,0.5572419
5312.0,0.0,0.49581942
5313.0,1.0,0.56425345
5317.0,1.0,0.63652456
5318.0,0.0,0.55253303
5320.0,0.0,0.57179254
5324.0,0.0,0.54819393
5325.0,1.0,0.57828987
5326.0,0.0,0.5548362
5327.0,1.0,0.59571606
5328.0,1.0,0.5738391
5329.0,1.0,0.60729337
5332.0,1.0,0.73287517
5333.0,1.0,0.7014342
5334.0,0.0,0.4524503
5337.0,0.0,0.4486277
5339.0,0.0,0.5354521
5340.0,0.0,0.56646824
5342.0,1.0,0.57352734
5343.0,0.0,0.5034084
5345.0,1.0,0.5763808
5346.0,1.0,0.63929296
5348.0,0.0,0.49268556
5349.0,0.0,0.62983817
5350.0,0.0,0.6208783
5351.0,0.0,0.68279403
5352.0,0.0,0.65951836
5355.0,1.0,0.65997475
5362.0,0.0,0.5947138
5363.0,1.0,0.4829013
5365.0,1.0,0.56658864
5366.0,0.0,0.65309244
5367.0,0.0,0.6075896
5368.0,1.0,0.5357475
5369.0,1.0,0.59209424
5371.0,0.0,0.5732164
5379.0,1.0,0.63435274
5380.0,1.0,0.6109708
5381.0,1.0,0.7044511
5382.0,1.0,0.586115
5383.0,1.0,0.6783947
5385.0,0.0,0.49954516
5386.0,1.0,0.5864305
5387.0,0.0,0.53499293
5388.0,1.0,0.63145363
5389.0,0.0,0.5145253
5390.0,1.0,0.6602791
5391.0,1.0,0.6623431
5392.0,1.0,0.6800246
5393.0,1.0,0.6701261
5394.0,1.0,0.6270024
5395.0,0.0,0.5611091
5397.0,0.0,0.5206637
5398.0,1.0,0.5930593
5399.0,1.0,0.63076025
5401.0,0.0,0.51956064
5402.0,1.0,0.6162216
5405.0,1.0,0.673478
5407.0,1.0,0.66528726
5408.0,1.0,0.58948815
5409.0,1.0,0.6809844
5410.0,1.0,0.6096133
5412.0,0.0,0.51007044
5413.0,1.0,0.6197275
5414.0,0.0,0.5510558
5416.0,1.0,0.6225824
5417.0,1.0,0.5890387
5418.0,0.0,0.5769579
5420.0,0.0,0.49645865
5421.0,1.0,0.5141378
5422.0,1.0,0.6239752
5423.0,1.0,0.58331376
5425.0,1.0,0.7206637
5426.0,0.0,0.5380203
5427.0,1.0,0.6331076
5428.0,0.0,0.56253195
5431.0,0.0,0.5828713
5432.0,0.0,0.5059061
5433.0,1.0,0.5356515
5434.0,0.0,0.5377932
5435.0,1.0,0.5865368
5436.0,0.0,0.5280231
5437.0,0.0,0.5345074
5438.0,1.0,0.5398409
5439.0,1.0,0.62061507
5440.0,0.0,0.5353726
5441.0,1.0,0.5054913
5442.0,1.0,0.68642247
5444.0,1.0,0.6240307
5445.0,1.0,0.59732145
5446.0,1.0,0.6295141
5448.0,0.0,0.5395106
5449.0,0.0,0.5591447
5450.0,1.0,0.5495198
5451.0,1.0,0.57958066
5452.0,0.0,0.6250639
5453.0,0.0,0.57106
5454.0,1.0,0.53704256
5456.0,1.0,0.57033324
5458.0,1.0,0.6046943
5459.0,1.0,0.6555087
5460.0,1.0,0.7055274
5461.0,1.0,0.7053497
5462.0,1.0,0.6693257
5465.0,0.0,0.5466976
5466.0,1.0,0.5395502
5467.0,1.0,0.6508014
5468.0,1.0,0.6906441
5469.0,1.0,0.71500665
5471.0,0.0,0.57124215
5472.0,0.0,0.5948088
5474.0,1.0,0.6105854
5476.0,0.0,0.47167757
5477.0,0.0,0.47634733
5479.0,1.0,0.5430194
5480.0,0.0,0.49406853
5481.0,1.0,0.56025153
5483.0,0.0,0.47932965
5484.0,1.0,0.57200426
5485.0,1.0,0.61256087
5486.0,0.0,0.5039211
5487.0,0.0,0.55563176
5490.0,1.0,0.6135372
5492.0,1.0,0.6024264
5493.0,0.0,0.5173619
5494.0,1.0,0.6091703
5495.0,0.0,0.52274394
5496.0,1.0,0.64045376
5497.0,0.0,0.47386277
5498.0,0.0,0.51093847
5501.0,0.0,0.49749038
5502.0,1.0,0.62634337
5503.0,0.0,0.43109915
5504.0,1.0,0.62022275
5505.0,1.0,0.67851746
5506.0,0.0,0.37811086
5507.0,0.0,0.48606715
5509.0,1.0,0.6021543
5513.0,0.0,0.47345898
5515.0,1.0,0.53887194
5516.0,0.0,0.5355946
5517.0,1.0,0.56986123
5518.0,0.0,0.48551917
5519.0,1.0,0.61633563
5520.0,1.0,0.6295245
5548.0,0.0,0.46892914
5549.0,0.0,0.5107928
5551.0,0.0,0.58973426
5552.0,1.0,0.4845665
5553.0,1.0,0.5373319
5554.0,1.0,0.6805165
5555.0,0.0,0.5988521
5556.0,1.0,0.5198975
5557.0,1.0,0.5554403
5558.0,0.0,0.5954936
5560.0,1.0,0.5558552
5561.0,0.0,0.587894
5563.0,1.0,0.53988886
5564.0,1.0,0.6410082
5565.0,0.0,0.60631824
5566.0,0.0,0.49263924
5569.0,1.0,0.5392986
5570.0,1.0,0.616549
5571.0,1.0,0.5971849
5572.0,0.0,0.50097185
5573.0,0.0,0.52174723
5574.0,0.0,0.57480156
5575.0,0.0,0.5548253
5576.0,1.0,0.49210185
5577.0,0.0,0.6121535
5578.0,1.0,0.61456853
5579.0,0.0,0.6170664
5580.0,1.0,0.5904689
5581.0,1.0,0.64088345
5582.0,1.0,0.6183743
5583.0,1.0,0.6152735
5584.0,0.0,0.5310026
5585.0,0.0,0.5604594
5586.0,1.0,0.59286815
5590.0,1.0,0.50145066
5591.0,1.0,0.6444361
5592.0,1.0,0.56234556
5594.0,0.0,0.46341482
5595.0,0.0,0.52813405
5596.0,1.0,0.55344605
5597.0,0.0,0.52310216
5598.0,1.0,0.59195113
5601.0,1.0,0.6659745
5602.0,1.0,0.6612109
5603.0,1.0,0.6136642
5604.0,1.0,0.77255696
5607.0,0.0,0.45758015
5608.0,1.0,0.67169917
5610.0,1.0,0.7553958
5611.0,1.0,0.6907361
5612.0,1.0,0.7039061
5613.0,0.0,0.45681843
5615.0,0.0,0.4077143
5617.0,0.0,0.48129794
5618.0,0.0,0.4882059
5619.0,0.0,0.43727544
5647.0,1.0,0.5732791
5648.0,0.0,0.55366206
5649.0,0.0,0.5976831
5650.0,1.0,0.5343036
5651.0,0.0,0.50356346
5654.0,1.0,0.62288004
5656.0,0.0,0.54218155
5657.0,1.0,0.61721396
5658.0,1.0,0.61015105
5659.0,1.0,0.5936838
5660.0,0.0,0.5783873
5661.0,1.0,0.6767889
5664.0,0.0,0.52165157
5665.0,0.0,0.62584335
5666.0,1.0,0.502972
5667.0,0.0,0.54668623
5669.0,1.0,0.60313374
5670.0,1.0,0.6163055
5671.0,1.0,0.5583133
5672.0,0.0,0.5638483
5673.0,1.0,0.67503124
5674.0,1.0,0.5490874
5675.0,1.0,0.63803357
5676.0,1.0,0.6405376
5677.0,1.0,0.6470782
5678.0,1.0,0.75740355
5679.0,0.0,0.51429635
5681.0,0.0,0.6324318
5682.0,0.0,0.57375735
5683.0,1.0,0.66562617
5684.0,1.0,0.6283862
5685.0,0.0,0.6076199
5686.0,1.0,0.5535512
5687.0,0.0,0.5401817
5688.0,0.0,0.5700283
5689.0,1.0,0.55628306
5690.0,1.0,0.6281234
5691.0,1.0,0.66308856
5692.0,0.0,0.47158283
5693.0,0.0,0.55294454
5694.0,1.0,0.53227794
5696.0,1.0,0.6146993
5697.0,1.0,0.62221307
5699.0,1.0,0.63530636
5700.0,0.0,0.47499895
5702.0,1.0,0.55429333
5703.0,0.0,0.5111057
5704.0,1.0,0.55131507
5705.0,1.0,0.59741676
5706.0,1.0,0.66536766
5707.0,0.0,0.55080694
5708.0,1.0,0.557478
5709.0,1.0,0.5834329
5710.0,1.0,0.6810526
5711.0,1.0,0.670523
5712.0,0.0,0.48937705
5713.0,1.0,0.61811584
5714.0,0.0,0.42290157
5715.0,1.0,0.61532027
5716.0,1.0,0.70619005
5717.0,1.0,0.6016444
5719.0,0.0,0.5665919
5720.0,0.0,0.48552895
5721.0,0.0,0.53514063
5722.0,0.0,0.5738311
5723.0,1.0,0.5628304
5724.0,1.0,0.5862085
5725.0,0.0,0.59995645
5726.0,0.0,0.5014741
5727.0,0.0,0.54115975
5728.0,0.0,0.6502303
5732.0,0.0,0.5778936
5735.0,1.0,0.4939609
5736.0,0.0,0.62471884
5738.0,1.0,0.4897657
5739.0,1.0,0.6448109
5740.0,0.0,0.60109943
5741.0,0.0,0.57830197
5744.0,0.0,0.6215381
5747.0,0.0,0.6259931
5748.0,1.0,0.581777
5749.0,0.0,0.5365852
5750.0,1.0,0.56770885
5752.0,1.0,0.5757076
5753.0,1.0,0.6335661
5754.0,1.0,0.6448619
5755.0,1.0,0.6576218
5756.0,1.0,0.7005938
5757.0,0.0,0.48583254
5758.0,0.0,0.4647072
5759.0,0.0,0.47452784
5760.0,1.0,0.6241597
5761.0,1.0,0.6786189
5762.0,0.0,0.5294492
5763.0,0.0,0.47675094
5764.0,1.0,0.63671607
5765.0,1.0,0.65524995
5766.0,0.0,0.53389275
5767.0,1.0,0.63787764
5768.0,0.0,0.5063936
5769.0,0.0,0.525332
5770.0,1.0,0.5679885
5771.0,1.0,0.6562332
5772.0,0.0,0.50889325
5773.0,0.0,0.5016706
5774.0,1.0,0.5526699
5775.0,1.0,0.58463097
5777.0,1.0,0.69154817
5779.0,1.0,0.65620303
5780.0,0.0,0.54058814
5781.0,0.0,0.41437143
5782.0,1.0,0.63695645
5865.0,1.0,0.546826
5866.0,1.0,0.5666885
5867.0,0.0,0.529007
5869.0,1.0,0.6360526
5871.0,0.0,0.5038904
5872.0,0.0,0.5203831
5874.0,1.0,0.56788737
5875.0,1.0,0.62735534
5876.0,1.0,0.6384194
5877.0,1.0,0.70009613
5878.0,0.0,0.44871622
5879.0,1.0,0.6460348
5880.0,1.0,0.62087846
5881.0,1.0,0.61924505
5882.0,0.0,0.5089422
5883.0,1.0,0.58253443
5884.0,1.0,0.610628
5885.0,1.0,0.651233
5886.0,1.0,0.6387001
5887.0,1.0,0.68323404
5888.0,1.0,0.7444187
5889.0,0.0,0.44299835
5890.0,0.0,0.36000815
5892.0,0.0,0.479359
5895.0,1.0,0.61895835
5896.0,1.0,0.49901417
5898.0,1.0,0.6144872
5901.0,1.0,0.6235637
5902.0,0.0,0.5562382
5903.0,0.0,0.5366213
5904.0,0.0,0.5714749
5905.0,1.0,0.51390976
5906.0,1.0,0.57863355
5907.0,1.0,0.5607424
5908.0,1.0,0.69868004
5909.0,1.0,0.6985179
5910.0,1.0,0.71296597
5911.0,1.0,0.73559266
5912.0,0.0,0.5400984
5914.0,0.0,0.49986652
5915.0,0.0,0.5135777
5916.0,0.0,0.5688007
5917.0,0.0,0.5609098
5919.0,1.0,0.54397225
5920.0,1.0,0.6516411
5921.0,0.0,0.41926122
5922.0,0.0,0.48533618
5925.0,1.0,0.57997316
5926.0,1.0,0.61921954
5927.0,1.0,0.69004333
5928.0,1.0,0.6910711
5929.0,0.0,0.49606946
5930.0,1.0,0.57306606
5931.0,0.0,0.5528476
5932.0,0.0,0.5175073
5933.0,1.0,0.54852116
5934.0,0.0,0.51688445
5935.0,0.0,0.57048
5940.0,1.0,0.60346204
5941.0,0.0,0.5561275
5944.0,0.0,0.52061427
5949.0,1.0,0.5565133
5950.0,0.0,0.5294419
5952.0,1.0,0.58456105
5953.0,1.0,0.63255024
5956.0,0.0,0.434724
5957.0,1.0,0.56330234
5960.0,1.0,0.5642591
5961.0,1.0,0.6778423
5963.0,1.0,0.59182525
5964.0,0.0,0.5422577
5966.0,1.0,0.5440304
5967.0,0.0,0.60226995
5969.0,1.0,0.5863023
5971.0,1.0,0.648662
5972.0,1.0,0.6512578
5974.0,0.0,0.5248068
5975.0,0.0,0.4725958
5976.0,1.0,0.62643015
5981.0,1.0,0.6704146
5982.0,0.0,0.4392661
5983.0,1.0,0.621067
5985.0,0.0,0.43760327
5986.0,0.0,0.4048592
5988.0,0.0,0.50918865
5989.0,0.0,0.47510985
5990.0,0.0,0.5905544
5993.0,0.0,0.56115377
5994.0,0.0,0.5241077
5995.0,1.0,0.5672266
5997.0,0.0,0.53465885
5998.0,1.0,0.56399864
5999.0,0.0,0.47035038
6000.0,1.0,0.5724576
6001.0,1.0,0.5610223
6002.0,0.0,0.5350443
6003.0,0.0,0.6393252
6005.0,1.0,0.50423974
6006.0,1.0,0.51436937
6007.0,1.0,0.6132055
6009.0,1.0,0.6113076
6011.0,0.0,0.5626188
6013.0,0.0,0.42047435
6015.0,0.0,0.55970025
6016.0,1.0,0.56231695
6017.0,1.0,0.5375372
6018.0,0.0,0.4810334
6020.0,0.0,0.56306463
6021.0,0.0,0.63546276
6024.0,0.0,0.56986064
6026.0,1.0,0.5878746
6027.0,1.0,0.59581447
6029.0,0.0,0.59175515
6030.0,0.0,0.6445403
6031.0,1.0,0.57157665
6032.0,0.0,0.5065798
6033.0,1.0,0.55907756
6035.0,1.0,0.6492753
6037.0,1.0,0.55100113
6038.0,1.0,0.57356566
6079.0,0.0,0.5594882
6081.0,0.0,0.5769696
6082.0,1.0,0.5518943
6083.0,0.0,0.4831119
6085.0,1.0,0.50660753
6088.0,1.0,0.5385961
6090.0,0.0,0.43214107
6091.0,1.0,0.5500495
6093.0,0.0,0.45534155
6094.0,1.0,0.6151985
6097.0,1.0,0.6679652
6098.0,0.0,0.46362108
6099.0,1.0,0.6904097
6102.0,0.0,0.46443087
6103.0,1.0,0.64678717
6106.0,1.0,0.6719929
6108.0,1.0,0.6609956
6109.0,0.0,0.387399
6111.0,0.0,0.4062357
6113.0,1.0,0.5792874
6114.0,0.0,0.5139514
6116.0,0.0,0.5168241
6118.0,1.0,0.5770655
6120.0,1.0,0.6480378
6121.0,1.0,0.59628177
6123.0,0.0,0.51063895
6124.0,0.0,0.56836504
6125.0,1.0,0.59134036
6126.0,1.0,0.6445106
6127.0,0.0,0.45167094
6128.0,1.0,0.61213493
6129.0,0.0,0.4369641
6130.0,0.0,0.56461394
6131.0,1.0,0.67706895
6132.0,1.0,0.5919904
6133.0,0.0,0.42907172
6135.0,1.0,0.64598113
6136.0,1.0,0.5869538
6138.0,1.0,0.5999716
6139.0,0.0,0.4601866
6140.0,1.0,0.64838123
6142.0,1.0,0.5330438
6144.0,0.0,0.5753104
6150.0,0.0,0.6853795
6152.0,0.0,0.6760379
6155.0,0.0,0.69362557
6156.0,1.0,0.5570879
6157.0,0.0,0.61401457
6159.0,1.0,0.5582189
6161.0,0.0,0.6946588
6162.0,0.0,0.6615742
6163.0,1.0,0.55606323
6164.0,1.0,0.48165143
6165.0,1.0,0.41946137
6167.0,1.0,0.48287773
6173.0,1.0,0.55323124
6174.0,0.0,0.51714545
6177.0,0.0,0.50417435
6179.0,0.0,0.4993706
6180.0,0.0,0.6231418
6181.0,0.0,0.6259074
6183.0,0.0,0.55101234
6184.0,1.0,0.665925
6185.0,0.0,0.5257077
6188.0,0.0,0.5588969
6189.0,1.0,0.6452319
6190.0,1.0,0.5196916
6191.0,1.0,0.65944517
6192.0,0.0,0.4720532
6193.0,0.0,0.6855592
6194.0,0.0,0.640159
6195.0,1.0,0.5731641
6197.0,0.0,0.6326144
6198.0,0.0,0.68582827
6201.0,0.0,0.5620976
6202.0,0.0,0.65273255
6203.0,1.0,0.6176476
6205.0,1.0,0.55075955
6206.0,0.0,0.47911024
6207.0,1.0,0.648547
6208.0,0.0,0.54953945
6209.0,1.0,0.6046663
6210.0,1.0,0.61369795
6211.0,1.0,0.64133203
6212.0,1.0,0.59123075
6213.0,0.0,0.48954076
6214.0,1.0,0.65054375
6215.0,1.0,0.5361643
6216.0,0.0,0.54428935
6217.0,1.0,0.55046725
6218.0,0.0,0.4709594
6219.0,0.0,0.5278358
6220.0,0.0,0.6215732
6221.0,0.0,0.6122997
6222.0,1.0,0.5317998
6223.0,1.0,0.55515414
6225.0,1.0,0.61053747
6226.0,1.0,0.605936
6227.0,0.0,0.5455502
6228.0,0.0,0.59150887
6231.0,1.0,0.5579124
6232.0,0.0,0.53905755
6233.0,0.0,0.5829688
6234.0,1.0,0.5243134
6235.0,1.0,0.5488937
6237.0,0.0,0.52994347
6238.0,0.0,0.5408058
6240.0,1.0,0.543324
6241.0,0.0,0.5052578
6242.0,0.0,0.5437068
6243.0,1.0,0.501841
6244.0,1.0,0.54112095
6245.0,0.0,0.57773334
6247.0,1.0,0.56379735
6248.0,1.0,0.5902892
6249.0,0.0,0.52352566
6250.0,1.0,0.56248176
6252.0,1.0,0.5480368
6254.0,1.0,0.5828585
6292.0,0.0,0.5796795
6293.0,1.0,0.587733
6294.0,1.0,0.5756908
6295.0,1.0,0.62809837
6296.0,1.0,0.6333763
6297.0,1.0,0.6627176
6299.0,1.0,0.67812794
6302.0,1.0,0.69771916
6305.0,0.0,0.50818926
6306.0,1.0,0.6390433
6308.0,0.0,0.54072016
6310.0,1.0,0.6815349
6311.0,0.0,0.5445088
6315.0,1.0,0.63985157
6317.0,0.0,0.49385068
6320.0,1.0,0.6486674
6324.0,1.0,0.61405843
6325.0,1.0,0.6672701
6326.0,1.0,0.67209905
6327.0,1.0,0.55274826
6328.0,0.0,0.53581244
6329.0,0.0,0.5500731
6331.0,0.0,0.62501353
6334.0,0.0,0.5795111
6335.0,1.0,0.54028916
6338.0,1.0,0.5882478
6339.0,0.0,0.6018323
6340.0,1.0,0.4961345
6341.0,0.0,0.5719414
6343.0,1.0,0.54636794
6344.0,1.0,0.6082924
6345.0,1.0,0.617608
6346.0,0.0,0.56503594
6347.0,0.0,0.60876334
6348.0,0.0,0.62207013
6349.0,1.0,0.6540183
6350.0,0.0,0.56905234
6351.0,0.0,0.63495433
6353.0,0.0,0.60185635
6354.0,0.0,0.6258156
6355.0,0.0,0.6861078
6356.0,0.0,0.69269425
6357.0,0.0,0.6793367
6507.0,1.0,0.57645655
6510.0,0.0,0.50075316
6511.0,1.0,0.5506934
6512.0,1.0,0.5350265
6516.0,0.0,0.51448274
6518.0,1.0,0.6565642
6521.0,0.0,0.49373278
6522.0,0.0,0.55434525
6523.0,0.0,0.58466804
6524.0,1.0,0.5981421
6525.0,1.0,0.5885863
6530.0,1.0,0.64121705
6531.0,1.0,0.6334457
6574.0,1.0,0.49452898
6575.0,1.0,0.5472662
6577.0,0.0,0.5081571
6581.0,0.0,0.5295438
6582.0,1.0,0.59303254
6583.0,1.0,0.62983394
6584.0,0.0,0.5680745
6585.0,0.0,0.52420694
6586.0,0.0,0.5437274
6590.0,0.0,0.5732473
6593.0,0.0,0.60891664
6597.0,1.0,0.5822227
6601.0,1.0,0.5743802
6602.0,1.0,0.6283988
6603.0,1.0,0.6947728
6607.0,0.0,0.5504901
6610.0,0.0,0.5206158
6612.0,0.0,0.54269564
6613.0,1.0,0.6127302
6615.0,1.0,0.4842496
6619.0,1.0,0.5882766
6620.0,0.0,0.56408435
6621.0,1.0,0.5715082
6622.0,0.0,0.5386851
6623.0,1.0,0.5763075
6624.0,0.0,0.5525159
6625.0,0.0,0.5437467
6626.0,1.0,0.63831675
6627.0,1.0,0.6252903
6629.0,0.0,0.53541696
6630.0,0.0,0.5619309
6631.0,0.0,0.5666424
6632.0,1.0,0.5521414
6633.0,1.0,0.6660185
6634.0,1.0,0.5998229
6635.0,1.0,0.6590776
6637.0,0.0,0.49890426
6638.0,1.0,0.55754817
6639.0,0.0,0.52358276
6640.0,0.0,0.5770482
6642.0,1.0,0.54325396
6643.0,0.0,0.55598986
6644.0,0.0,0.5859719
6649.0,0.0,0.5978068
6650.0,0.0,0.6244211
6651.0,1.0,0.4797777
6652.0,1.0,0.6086107
6654.0,1.0,0.6278342
6655.0,1.0,0.6412808
6660.0,0.0,0.5570925
6662.0,1.0,0.62680155
6664.0,1.0,0.6116815
6666.0,0.0,0.49370322
6667.0,0.0,0.5490641
6668.0,0.0,0.5531122
6670.0,1.0,0.5229027
6671.0,0.0,0.55692804
6672.0,0.0,0.63067037
6673.0,1.0,0.5317816
6674.0,1.0,0.5918097
6677.0,0.0,0.51930624
6678.0,1.0,0.5494611
6679.0,0.0,0.56492573
6682.0,0.0,0.5682633
6683.0,1.0,0.601127
6685.0,0.0,0.60402495
6688.0,0.0,0.53892523
6689.0,0.0,0.5135049
6731.0,0.0,0.5251129
6732.0,0.0,0.5848882
6733.0,0.0,0.63130033
6734.0,0.0,0.60979384
6735.0,1.0,0.49683642
6736.0,0.0,0.5686702
6737.0,0.0,0.5697164
6738.0,0.0,0.59960264
6739.0,1.0,0.5046303
6740.0,1.0,0.5937193
6742.0,1.0,0.52492625
6743.0,0.0,0.6237502
6744.0,1.0,0.49393228
6745.0,1.0,0.55883926
6746.0,1.0,0.58189905
6747.0,0.0,0.5789877
6748.0,0.0,0.57071525
6752.0,1.0,0.510979
6754.0,1.0,0.4977385
6755.0,0.0,0.6215203
6757.0,0.0,0.5010472
6758.0,0.0,0.5619533
6762.0,0.0,0.55992377
6764.0,0.0,0.67502713
6765.0,1.0,0.48779473
6766.0,0.0,0.59766763
6767.0,1.0,0.49096647
6768.0,1.0,0.609422
6769.0,1.0,0.60006624
6770.0,0.0,0.5736648
6772.0,1.0,0.57009196
6773.0,1.0,0.5955743
6775.0,0.0,0.61002666
6777.0,0.0,0.57386535
6778.0,0.0,0.5165269
6780.0,1.0,0.5995785
6781.0,1.0,0.6710094
6782.0,1.0,0.57037085
6787.0,1.0,0.63717264
6788.0,1.0,0.73860484
6790.0,0.0,0.52102864
6791.0,1.0,0.6216711
6794.0,1.0,0.6207122
6796.0,0.0,0.4276808
6798.0,1.0,0.53811336
6839.0,1.0,0.57321614
6840.0,0.0,0.5743768
6841.0,1.0,0.5479486
6842.0,0.0,0.56442696
6843.0,0.0,0.5625223
6846.0,1.0,0.51418686
6847.0,0.0,0.54572016
6848.0,0.0,0.5181253
6850.0,0.0,0.54700136
6851.0,0.0,0.63253987
6852.0,0.0,0.5992337
6854.0,0.0,0.67039514
6856.0,1.0,0.45793375
6857.0,1.0,0.5069261
6858.0,1.0,0.5213202
6859.0,0.0,0.4734971
6860.0,0.0,0.65860194
6863.0,1.0,0.5217544
6864.0,1.0,0.51714635
6867.0,0.0,0.61143476
6868.0,0.0,0.5665398
6870.0,0.0,0.60512596
6871.0,1.0,0.5742817
6872.0,1.0,0.5374696
6873.0,1.0,0.6337169
6874.0,0.0,0.47821847
6876.0,0.0,0.609446
6880.0,1.0,0.5949006
6882.0,0.0,0.5294042
6884.0,1.0,0.59197044
6885.0,0.0,0.44456977
6886.0,0.0,0.54284275
6887.0,0.0,0.5644447
6888.0,1.0,0.6124835
6889.0,0.0,0.49462834
6890.0,1.0,0.5532018
6891.0,1.0,0.6236848
6892.0,1.0,0.63522613
6893.0,1.0,0.58104175
6894.0,1.0,0.67981917
6895.0,1.0,0.648377
6897.0,0.0,0.4948469
6898.0,0.0,0.5429771
6899.0,1.0,0.5718238
6901.0,1.0,0.6584842
6903.0,0.0,0.48577413
6904.0,1.0,0.58412594
6905.0,1.0,0.601184
6906.0,0.0,0.5523071
6907.0,0.0,0.533828
6909.0,0.0,0.57969785
6910.0,0.0,0.5782629
6912.0,0.0,0.64701474
6913.0,0.0,0.6144346
6915.0,1.0,0.45555714
6916.0,1.0,0.5337209
6918.0,0.0,0.5599841
6920.0,1.0,0.5380876
6921.0,1.0,0.5872457
6922.0,1.0,0.5753571
6923.0,0.0,0.51183313
6925.0,0.0,0.5709339
6926.0,0.0,0.4886704
6927.0,0.0,0.5553421
6928.0,1.0,0.45717007
6930.0,1.0,0.6019919
6934.0,1.0,0.56638354
6935.0,0.0,0.5296092
6936.0,0.0,0.4808613
6941.0,0.0,0.53052175
6942.0,1.0,0.53456116
6944.0,1.0,0.5974936
6983.0,0.0,0.54853517
6985.0,0.0,0.5225806
6986.0,0.0,0.5599956
6987.0,1.0,0.5376773
6988.0,0.0,0.595385
6989.0,0.0,0.50993794
6990.0,1.0,0.45737022
6991.0,0.0,0.5884764
6992.0,0.0,0.5650819
6994.0,0.0,0.6075931
6995.0,1.0,0.43594447
6997.0,0.0,0.57568
6998.0,1.0,0.52855587
6999.0,1.0,0.5509332
7001.0,0.0,0.61205196
7005.0,1.0,0.54308295
7006.0,0.0,0.60499454
7007.0,0.0,0.5823887
7008.0,0.0,0.65156835
7009.0,1.0,0.43503907
7010.0,1.0,0.53077734
7011.0,1.0,0.6236788
7015.0,1.0,0.60677767
7016.0,0.0,0.635811
7017.0,1.0,0.5862441
7018.0,1.0,0.58004254
7019.0,0.0,0.59035146
7020.0,1.0,0.523779
7021.0,1.0,0.5932073
7053.0,1.0,0.48126805
7054.0,1.0,0.647622
7055.0,1.0,0.678765
7056.0,0.0,0.5071574
7057.0,0.0,0.59097326
7058.0,1.0,0.5771353
7059.0,1.0,0.5977113
7060.0,1.0,0.6699082
7061.0,1.0,0.74345344
7065.0,0.0,0.49260217
7066.0,0.0,0.49529153
7067.0,1.0,0.6192822
7068.0,1.0,0.6786401
7069.0,0.0,0.5110348
7070.0,1.0,0.69596213
7071.0,1.0,0.6602153
7072.0,1.0,0.7008119
7073.0,1.0,0.7217825
7075.0,1.0,0.7452523
7076.0,0.0,0.45345336
7077.0,1.0,0.654402
7078.0,0.0,0.5273314
7079.0,1.0,0.6277213
7081.0,0.0,0.41938353
7084.0,0.0,0.5041777
7085.0,0.0,0.5323711
7086.0,0.0,0.59052527
7087.0,0.0,0.5983639
7089.0,0.0,0.6705003
7090.0,1.0,0.56521124
7091.0,1.0,0.51397926
7093.0,1.0,0.51995254
7095.0,0.0,0.5539377
7096.0,1.0,0.6468034
7097.0,0.0,0.48943016
7098.0,0.0,0.6002821
7101.0,0.0,0.5917524
7104.0,1.0,0.450306
7106.0,1.0,0.54578775
7107.0,1.0,0.5494776
7108.0,1.0,0.6203966
7109.0,0.0,0.5136608
7110.0,0.0,0.6237037
7111.0,0.0,0.5756809
7113.0,0.0,0.6184473
7114.0,1.0,0.49363318
7115.0,0.0,0.54832494
7117.0,1.0,0.55668414
7118.0,0.0,0.55047816
7120.0,1.0,0.55019414
7122.0,1.0,0.573229
7123.0,1.0,0.64201766
7124.0,0.0,0.5241412
7125.0,1.0,0.6529797
7127.0,0.0,0.53783154
7129.0,0.0,0.5106008
7130.0,0.0,0.5487655
7131.0,1.0,0.57620025
7132.0,1.0,0.610968
7136.0,1.0,0.65406585
7138.0,1.0,0.69609517
7139.0,1.0,0.658499
7140.0,1.0,0.63272613
7142.0,1.0,0.728753
7143.0,1.0,0.67183495
7144.0,1.0,0.7803124
7146.0,1.0,0.75161743
7147.0,1.0,0.7635533
7149.0,1.0,0.77259004
7150.0,1.0,0.74415034
7151.0,1.0,0.5074262
7153.0,1.0,0.5345087
7155.0,1.0,0.62619376
7156.0,1.0,0.5316303
7157.0,1.0,0.65075094
7158.0,0.0,0.43360648
7159.0,1.0,0.56778485
7160.0,0.0,0.4535526
7161.0,1.0,0.6536251
7162.0,0.0,0.44277307
7163.0,1.0,0.671014
7164.0,0.0,0.5133604
7165.0,0.0,0.49157733
7166.0,1.0,0.60940754
7167.0,0.0,0.44172293
7168.0,1.0,0.5954143
7170.0,1.0,0.55757684
7171.0,0.0,0.445862
7172.0,0.0,0.5082774
7173.0,0.0,0.59048474
7174.0,1.0,0.5956466
7176.0,1.0,0.6037582
7177.0,1.0,0.5893916
7178.0,0.0,0.5210955
7179.0,1.0,0.6098032
7181.0,0.0,0.51637137
7182.0,0.0,0.60453105
7183.0,1.0,0.58203536
7184.0,1.0,0.6287032
7185.0,1.0,0.621772
7186.0,1.0,0.6038293
7188.0,1.0,0.6073782
7190.0,0.0,0.6065814
7193.0,1.0,0.58287674
7195.0,1.0,0.54766566
7196.0,0.0,0.5420548
7197.0,1.0,0.562752
7198.0,0.0,0.62419415
7199.0,0.0,0.5343781
7200.0,0.0,0.56773686
7201.0,1.0,0.5260229
7203.0,1.0,0.6060367
7205.0,1.0,0.58565885
7208.0,0.0,0.5606214
7209.0,0.0,0.5623169
7210.0,0.0,0.58922684
7213.0,0.0,0.5515972
7214.0,0.0,0.6002688
7215.0,1.0,0.50138843
7216.0,1.0,0.5841364
7218.0,0.0,0.60284996
7219.0,0.0,0.5848103
7220.0,0.0,0.59146994
7221.0,0.0,0.59893286
7222.0,0.0,0.61531526
7223.0,0.0,0.65198344
7224.0,1.0,0.56581813
7227.0,1.0,0.63951045
7228.0,1.0,0.6520273
7231.0,0.0,0.4835492
7232.0,1.0,0.6012003
7234.0,0.0,0.5655115
7235.0,1.0,0.6128447
7236.0,1.0,0.5818115
7238.0,0.0,0.4355562
7239.0,0.0,0.50242126
7240.0,0.0,0.52244014
7242.0,1.0,0.56119204
7243.0,0.0,0.49690223
7244.0,0.0,0.5029131
7245.0,1.0,0.61838144
7246.0,1.0,0.6595752
7247.0,1.0,0.6266586
7250.0,1.0,0.71363807
7252.0,0.0,0.44127288
7253.0,1.0,0.620465
7296.0,0.0,0.63446856
7297.0,1.0,0.6642112
7298.0,1.0,0.5678552
7299.0,0.0,0.5896137
7301.0,0.0,0.60405785
7302.0,1.0,0.6308469
7303.0,1.0,0.6613176
7304.0,1.0,0.66559136
7305.0,1.0,0.6390397
7306.0,1.0,0.7435324
7308.0,1.0,0.7954974
7309.0,1.0,0.76498026
7310.0,1.0,0.75714
7311.0,1.0,0.73381644
7312.0,0.0,0.5720722
7313.0,1.0,0.65917385
7314.0,0.0,0.48366508
7315.0,0.0,0.48000887
7316.0,0.0,0.5679399
7317.0,1.0,0.68928003
7318.0,0.0,0.4326418
7321.0,1.0,0.62549424
7322.0,0.0,0.50785774
7323.0,1.0,0.720466
7326.0,1.0,0.7305023
7327.0,0.0,0.48858604
7328.0,0.0,0.5081323
7329.0,0.0,0.54767877
7330.0,1.0,0.657917
7398.0,1.0,0.54907167
7399.0,1.0,0.61299926
7400.0,0.0,0.6075823
7401.0,1.0,0.64021003
7403.0,1.0,0.65956646
7404.0,0.0,0.5890552
7405.0,1.0,0.61579716
7407.0,1.0,0.6353945
7411.0,1.0,0.72183377
7413.0,0.0,0.49650648
7414.0,1.0,0.6964303
7415.0,1.0,0.72576815
7416.0,1.0,0.7114485
7417.0,1.0,0.6993146
7418.0,1.0,0.7216283
7419.0,0.0,0.49349165
7420.0,0.0,0.5129414
7423.0,1.0,0.6964464
7425.0,0.0,0.4451083
7426.0,1.0,0.61768043
7427.0,0.0,0.5852401
7428.0,0.0,0.52788454
7429.0,0.0,0.51167285
7431.0,1.0,0.55746484
7432.0,1.0,0.6285942
7435.0,1.0,0.6329762
7437.0,1.0,0.57187897
7438.0,1.0,0.69890213
7439.0,0.0,0.49430868
7440.0,0.0,0.47150543
7441.0,0.0,0.5175052
7442.0,0.0,0.582603
7443.0,1.0,0.55995995
7444.0,1.0,0.65478235
7445.0,1.0,0.58616513
7446.0,1.0,0.6989839
7447.0,0.0,0.53261435
7448.0,1.0,0.53246707
7449.0,1.0,0.6228004
7450.0,1.0,0.70465726
7452.0,0.0,0.5135657
7453.0,0.0,0.4635302
7454.0,0.0,0.5223586
7455.0,1.0,0.51674384
7456.0,0.0,0.53174585
7457.0,0.0,0.4986747
7458.0,1.0,0.64606225
7459.0,1.0,0.64860076
7460.0,1.0,0.6727174
7490.0,1.0,0.46654797
7491.0,1.0,0.6365949
7492.0,1.0,0.69114
7493.0,1.0,0.66368604
7494.0,0.0,0.48907337
7495.0,1.0,0.56644946
7496.0,1.0,0.6222645
7498.0,0.0,0.40412068
7499.0,0.0,0.5033269
7500.0,0.0,0.5265081
7501.0,1.0,0.51268613
7502.0,0.0,0.6380834
7503.0,0.0,0.47140402
7504.0,0.0,0.5674908
7505.0,0.0,0.55855054
7506.0,1.0,0.5764903
7508.0,1.0,0.5205815
7510.0,0.0,0.54866713
7511.0,1.0,0.52447987
7512.0,0.0,0.56374264
7513.0,1.0,0.57023877
7514.0,0.0,0.639805
7515.0,0.0,0.5522721
7516.0,1.0,0.52118886
7517.0,1.0,0.60502964
7518.0,1.0,0.6401194
7519.0,0.0,0.49765712
7520.0,0.0,0.48026583
7521.0,1.0,0.5475795
7522.0,1.0,0.5588347
7524.0,1.0,0.53183156
7525.0,1.0,0.6699543
7526.0,1.0,0.6094929
7527.0,0.0,0.5088604
7528.0,0.0,0.47028816
7530.0,1.0,0.51961493
7532.0,0.0,0.6056535
7533.0,1.0,0.5013897
7534.0,1.0,0.60386515
7573.0,1.0,0.5727488
7574.0,0.0,0.48446402
7576.0,0.0,0.5918059
7577.0,1.0,0.57150465
7578.0,0.0,0.5598525
7579.0,1.0,0.6714584
7580.0,1.0,0.5780987
7581.0,0.0,0.45808598
7582.0,0.0,0.5739742
7583.0,1.0,0.6553208
7584.0,0.0,0.5412059
7585.0,0.0,0.5983697
7586.0,0.0,0.61679226
7588.0,1.0,0.54214364
7589.0,0.0,0.53836036
7590.0,1.0,0.66222936
7591.0,1.0,0.6727079
7592.0,0.0,0.59295744
7593.0,1.0,0.66403496
7594.0,1.0,0.5815398
7596.0,1.0,0.69812554
7597.0,0.0,0.61198217
7598.0,1.0,0.61121386
7599.0,0.0,0.56603676
7600.0,1.0,0.75137186
7601.0,0.0,0.48903745
7602.0,0.0,0.6094045
7603.0,0.0,0.6019411
7605.0,1.0,0.63205206
7606.0,1.0,0.6577404
7607.0,0.0,0.6050908
7608.0,1.0,0.57196265
7609.0,1.0,0.6069166
7612.0,1.0,0.524267
7613.0,1.0,0.5939318
7615.0,1.0,0.59932196
7616.0,1.0,0.6494836
7618.0,0.0,0.43264225
7620.0,0.0,0.4938761
7622.0,0.0,0.49953574
7623.0,0.0,0.58142596
7624.0,1.0,0.5819562
7626.0,0.0,0.47652283
7627.0,1.0,0.6436539
7628.0,0.0,0.47635084
7629.0,0.0,0.53720415
7630.0,0.0,0.5912717
7631.0,0.0,0.5826308
7632.0,1.0,0.60211176
7634.0,0.0,0.5401823
7635.0,1.0,0.5874414
7636.0,1.0,0.624158
7639.0,1.0,0.6167668
7641.0,0.0,0.50557274
7642.0,1.0,0.60175973
7646.0,0.0,0.5229477
7647.0,1.0,0.58151793
7648.0,0.0,0.52590257
7650.0,1.0,0.54845035
7651.0,1.0,0.5819131
7652.0,0.0,0.53267306
7654.0,0.0,0.588623
7656.0,1.0,0.6092317
7657.0,0.0,0.5625624
7658.0,1.0,0.5550072
7659.0,0.0,0.5374633
7660.0,1.0,0.5442027
7661.0,1.0,0.5521003
7662.0,1.0,0.64249706
7663.0,1.0,0.5849368
7665.0,1.0,0.61409366
7666.0,1.0,0.55136096
7667.0,1.0,0.6032638
7669.0,0.0,0.44185024
7670.0,1.0,0.6397258
7671.0,1.0,0.5455162
7673.0,1.0,0.67546856
7674.0,0.0,0.47322634
7675.0,1.0,0.6335443
7676.0,0.0,0.4700944
7677.0,0.0,0.54988563
7679.0,1.0,0.63054854
7680.0,1.0,0.57289773
7681.0,0.0,0.5138298
7682.0,0.0,0.5479906
7683.0,0.0,0.53862536
7684.0,1.0,0.5472801
7685.0,1.0,0.6174533
7686.0,1.0,0.5889658
7687.0,1.0,0.63542515
7688.0,0.0,0.59815043
7691.0,1.0,0.6256602
7692.0,1.0,0.61987
7693.0,0.0,0.51655084
7696.0,1.0,0.6601451
7697.0,1.0,0.64848375
7702.0,1.0,0.690652
7703.0,1.0,0.68440807
7704.0,1.0,0.72565585
7709.0,0.0,0.4761818
7710.0,1.0,0.70809823
7713.0,0.0,0.4385487
7715.0,1.0,0.5163683
7716.0,1.0,0.59150594
7717.0,1.0,0.62593126
7718.0,1.0,0.6565531
7720.0,1.0,0.6555215
7721.0,0.0,0.48149368
7723.0,0.0,0.50962687
7724.0,1.0,0.68249124
7727.0,1.0,0.688457
7728.0,0.0,0.52554756
7729.0,0.0,0.5386822
7730.0,1.0,0.69485223
7731.0,1.0,0.63290143
7732.0,1.0,0.6799883
7733.0,0.0,0.4166654
7735.0,1.0,0.6198964
7736.0,1.0,0.6320941
7737.0,1.0,0.6341825
7738.0,1.0,0.69846535
7740.0,1.0,0.7434291
7741.0,0.0,0.43167084
7742.0,0.0,0.56735706
7743.0,0.0,0.4920501
7744.0,0.0,0.570749
7746.0,1.0,0.53080857
7747.0,1.0,0.62966716
7748.0,1.0,0.64704615
7749.0,1.0,0.661743
7750.0,1.0,0.68504757
7753.0,1.0,0.7195358
7754.0,0.0,0.54748464
7755.0,1.0,0.65971744
7756.0,1.0,0.66165924
7757.0,0.0,0.5533537
7759.0,0.0,0.55602103
7760.0,0.0,0.56198126
7761.0,1.0,0.5847548
7762.0,0.0,0.52749985
7763.0,0.0,0.49995315
7764.0,0.0,0.56179255
7765.0,1.0,0.62427926
7766.0,0.0,0.4989467
7768.0,1.0,0.63920105
7769.0,1.0,0.6850472
7770.0,1.0,0.67726487
7771.0,0.0,0.47386327
7772.0,0.0,0.5045436
7773.0,0.0,0.5106235
7774.0,0.0,0.5546923
7775.0,1.0,0.5976041
7777.0,1.0,0.680432
7813.0,0.0,0.62687707
7815.0,1.0,0.65016717
7816.0,1.0,0.5600607
7817.0,1.0,0.6031893
7818.0,0.0,0.4810686
7820.0,0.0,0.523321
7822.0,1.0,0.48646206
7823.0,1.0,0.5627803
7826.0,1.0,0.6401315
7828.0,0.0,0.55025506
7829.0,1.0,0.6367435
7830.0,1.0,0.5896593
7832.0,0.0,0.55858654
7833.0,1.0,0.6082724
7834.0,1.0,0.629511
7835.0,1.0,0.65242046
7836.0,1.0,0.63742447
7837.0,0.0,0.4990874
7838.0,0.0,0.5670943
7841.0,1.0,0.6013226
7845.0,1.0,0.61353886
7846.0,1.0,0.64513206
7847.0,1.0,0.5844429
7848.0,0.0,0.45195556
7850.0,1.0,0.5961254
7851.0,0.0,0.5474264
7854.0,0.0,0.58559895
7856.0,0.0,0.539775
7858.0,1.0,0.57683074
7859.0,0.0,0.5179601
7861.0,0.0,0.591383
7864.0,0.0,0.6024739
7865.0,0.0,0.67713124
7868.0,1.0,0.5588729
7869.0,0.0,0.5490985
7870.0,1.0,0.6096596
7871.0,1.0,0.53674674
7872.0,1.0,0.600373
7875.0,0.0,0.4805531
7878.0,0.0,0.5488375
7879.0,0.0,0.5602011
7882.0,0.0,0.61465836
7883.0,1.0,0.53983915
7884.0,1.0,0.6406649
7885.0,1.0,0.5842734
