rally_id,predicted_win_prob,actual_win
10_1_1,0.5250717,1.0
10_1_12,0.5424014,0.0
10_1_14,0.24701838,0.0
10_1_15,0.63989484,1.0
10_1_16,0.82636386,1.0
10_1_17,0.21427777,0.0
10_1_19,0.3249661,0.0
10_1_2,0.19266409,0.0
10_1_20,0.16734818,0.0
10_1_21,0.349401,0.0
10_1_22,0.22493449,0.0
10_1_23,0.6709116,1.0
10_1_24,0.8118156,1.0
10_1_25,0.22639059,0.0
10_1_26,0.676082,1.0
10_1_27,0.29130778,0.0
10_1_28,0.3261605,0.0
10_1_29,0.37326172,0.0
10_1_3,0.31366247,0.0
10_1_30,0.29490802,0.0
10_1_31,0.17024218,0.0
10_1_32,0.17443106,0.0
10_1_34,0.41038767,0.0
10_1_35,0.29313833,1.0
10_1_36,0.7058578,1.0
10_1_37,0.7989138,1.0
10_1_38,0.1277649,0.0
10_1_4,0.53375024,1.0
10_1_5,0.30797052,0.0
10_1_6,0.54005575,1.0
10_1_7,0.156938,0.0
10_1_8,0.7416555,1.0
10_2_1,0.21746452,0.0
10_2_10,0.11810182,0.0
10_2_11,0.6219987,1.0
10_2_12,0.30698544,0.0
10_2_13,0.23588079,0.0
10_2_14,0.59025973,1.0
10_2_17,0.48778328,1.0
10_2_18,0.5244896,1.0
10_2_19,0.497106,0.0
10_2_20,0.95709646,1.0
10_2_21,0.9661539,1.0
10_2_22,0.9845532,1.0
10_2_23,0.14724773,0.0
10_2_25,0.6278758,1.0
10_2_26,0.2338263,0.0
10_2_27,0.66127,1.0
10_2_29,0.39692783,0.0
10_2_30,0.13640164,0.0
10_2_31,0.51383746,0.0
10_2_32,0.65137756,1.0
10_2_33,0.31772074,0.0
10_2_34,0.6251125,1.0
10_2_35,0.110798456,0.0
10_2_36,0.41623273,0.0
10_2_37,0.20116875,0.0
10_2_4,0.11883594,0.0
10_2_6,0.6565206,1.0
10_2_7,0.4171358,0.0
10_2_9,0.8173933,1.0
11_1_1,0.4254945,1.0
11_1_10,0.28938487,0.0
11_1_11,0.34419534,0.0
11_1_12,0.22624795,0.0
11_1_13,0.7211863,1.0
11_1_14,0.11752702,0.0
11_1_15,0.49419406,0.0
11_1_16,0.2580649,0.0
11_1_17,0.52087766,1.0
11_1_18,0.79152626,1.0
11_1_19,0.3055221,0.0
11_1_2,0.81880945,1.0
11_1_20,0.40469489,0.0
11_1_21,0.1307507,0.0
11_1_23,0.4326385,0.0
11_1_25,0.08059102,0.0
11_1_27,0.34951505,1.0
11_1_28,0.57036966,1.0
11_1_3,0.23578252,0.0
11_1_30,0.21700199,0.0
11_1_31,0.4138587,1.0
11_1_32,0.7933925,1.0
11_1_33,0.87515503,1.0
11_1_35,0.47033778,1.0
11_1_36,0.11399875,0.0
11_1_5,0.16582106,0.0
11_1_6,0.78402627,1.0
11_1_7,0.5810706,0.0
11_1_8,0.7586413,1.0
11_2_1,0.47876248,0.0
11_2_11,0.9904607,1.0
11_2_12,0.45128003,0.0
11_2_14,0.510549,0.0
11_2_15,0.6757108,1.0
11_2_16,0.21733515,0.0
11_2_17,0.6045801,0.0
11_2_18,0.29221308,0.0
11_2_19,0.77056813,1.0
11_2_2,0.2174915,0.0
11_2_20,0.8471246,1.0
11_2_21,0.8435484,1.0
11_2_23,0.44634205,0.0
11_2_24,0.65783495,1.0
11_2_25,0.29936668,0.0
11_2_28,0.18201199,0.0
11_2_29,0.23554046,0.0
11_2_3,0.2584165,1.0
11_2_30,0.8255337,1.0
11_2_32,0.2878233,0.0
11_2_33,0.3132618,0.0
11_2_34,0.4866525,0.0
11_2_35,0.67721564,1.0
11_2_36,0.3468949,0.0
11_2_37,0.6212606,1.0
11_2_39,0.51263916,0.0
11_2_4,0.81784457,1.0
11_2_5,0.9037777,1.0
11_2_6,0.15745044,0.0
11_2_7,0.8178562,1.0
11_2_8,0.77037096,1.0
12_1_1,0.39903408,0.0
12_1_10,0.7119777,1.0
12_1_11,0.5103352,1.0
12_1_12,0.17491652,0.0
12_1_13,0.40238297,1.0
12_1_14,0.39811274,0.0
12_1_15,0.24042921,0.0
12_1_16,0.19243094,0.0
12_1_17,0.3000087,0.0
12_1_18,0.22562598,0.0
12_1_19,0.5266719,1.0
12_1_2,0.66266114,1.0
12_1_20,0.11280116,0.0
12_1_21,0.24616972,0.0
12_1_22,0.59400463,1.0
12_1_23,0.67550874,1.0
12_1_24,0.9019284,1.0
12_1_25,0.097314835,0.0
12_1_26,0.50612354,0.0
12_1_27,0.12822558,0.0
12_1_28,0.080333695,0.0
12_1_29,0.14564832,0.0
12_1_3,0.11966631,0.0
12_1_30,0.43610597,0.0
12_1_31,0.10159656,0.0
12_1_4,0.3433168,0.0
12_1_5,0.25114098,0.0
12_1_6,0.2548118,0.0
12_1_8,0.4031094,1.0
12_1_9,0.09918182,0.0
12_2_1,0.15524422,0.0
12_2_10,0.36171943,0.0
12_2_11,0.22186229,0.0
12_2_12,0.50377655,1.0
12_2_14,0.17209701,0.0
12_2_15,0.3688524,0.0
12_2_17,0.1818486,0.0
12_2_19,0.23304108,0.0
12_2_20,0.4088673,0.0
12_2_21,0.4820629,1.0
12_2_22,0.70453924,1.0
12_2_24,0.55643773,1.0
12_2_25,0.07951779,0.0
12_2_26,0.21950504,1.0
12_2_27,0.13883272,0.0
12_2_29,0.49481612,1.0
12_2_3,0.21665302,0.0
12_2_30,0.13102789,0.0
12_2_31,0.3198109,0.0
12_2_4,0.40909886,1.0
12_2_5,0.2626372,0.0
12_2_6,0.22098155,0.0
12_2_7,0.6678641,1.0
13_1_1,0.702757,1.0
13_1_12,0.30957636,0.0
13_1_14,0.36417633,0.0
13_1_16,0.870746,1.0
13_1_17,0.5099002,0.0
13_1_18,0.24304016,0.0
13_1_20,0.7678885,1.0
13_1_21,0.16767012,0.0
13_1_23,0.31798264,0.0
13_1_24,0.30949283,0.0
13_1_27,0.14920829,0.0
13_1_28,0.24656962,0.0
13_1_3,0.8171559,1.0
13_1_30,0.5923474,1.0
13_1_32,0.9604416,1.0
13_1_34,0.50506634,1.0
13_1_35,0.5931632,1.0
13_1_37,0.7516329,1.0
13_1_4,0.3622269,0.0
13_1_5,0.20953833,0.0
13_1_6,0.63040775,1.0
13_1_7,0.54038674,1.0
13_1_8,0.9137834,1.0
13_1_9,0.2980146,0.0
13_2_1,0.46166775,1.0
13_2_10,0.28222102,0.0
13_2_11,0.45894733,0.0
13_2_13,0.12573385,0.0
13_2_14,0.2267715,0.0
13_2_16,0.18530111,0.0
13_2_17,0.34341547,0.0
13_2_19,0.48495948,1.0
13_2_2,0.11738573,0.0
13_2_20,0.88776004,1.0
13_2_21,0.20435362,0.0
13_2_22,0.5467999,1.0
13_2_23,0.12305468,0.0
13_2_24,0.78954697,1.0
13_2_26,0.86340934,1.0
13_2_28,0.9624577,1.0
13_2_3,0.4122513,0.0
13_2_30,0.65252084,0.0
13_2_32,0.44080743,0.0
13_2_33,0.2726478,0.0
13_2_36,0.20699026,0.0
13_2_39,0.39842197,0.0
13_2_4,0.38192904,0.0
13_2_5,0.18167274,0.0
13_2_6,0.68575346,1.0
13_2_7,0.5413565,1.0
13_2_8,0.9193345,1.0
13_2_9,0.83335954,1.0
13_3_1,0.7406384,1.0
13_3_10,0.271876,0.0
13_3_11,0.24697411,0.0
13_3_12,0.11242797,0.0
13_3_13,0.3369145,0.0
13_3_14,0.32868776,0.0
13_3_15,0.11559071,0.0
13_3_16,0.27217042,0.0
13_3_17,0.14239903,0.0
13_3_18,0.55026275,1.0
13_3_19,0.09328952,0.0
13_3_2,0.33770913,0.0
13_3_21,0.33471313,1.0
13_3_22,0.09992059,0.0
13_3_23,0.21919619,1.0
13_3_24,0.23647532,0.0
13_3_25,0.20903237,1.0
13_3_26,0.36941805,1.0
13_3_27,0.24335285,0.0
13_3_29,0.48789302,1.0
13_3_3,0.29662734,0.0
13_3_30,0.5115359,1.0
13_3_32,0.9627422,1.0
13_3_33,0.24658434,0.0
13_3_34,0.21212494,0.0
13_3_35,0.22268046,0.0
13_3_4,0.6671018,1.0
13_3_6,0.28037417,0.0
13_3_7,0.16194369,0.0
13_3_8,0.12918536,0.0
13_3_9,0.5999209,1.0
14_1_1,0.1603237,0.0
14_1_11,0.17502734,0.0
14_1_12,0.11773855,0.0
14_1_13,0.1624092,0.0
14_1_14,0.11672675,0.0
14_1_15,0.6015323,1.0
14_1_16,0.12942828,0.0
14_1_17,0.14858223,0.0
14_1_18,0.32046878,0.0
14_1_19,0.22959362,1.0
14_1_2,0.38535097,0.0
14_1_21,0.51105744,1.0
14_1_22,0.7218779,1.0
14_1_23,0.24737667,0.0
14_1_24,0.6628822,1.0
14_1_26,0.12499121,0.0
14_1_27,0.51250017,1.0
14_1_28,0.32529607,0.0
14_1_29,0.25143307,0.0
14_1_3,0.74620676,1.0
14_1_30,0.27984038,0.0
14_1_31,0.4818756,1.0
14_1_32,0.1347498,0.0
14_1_4,0.16055882,0.0
14_1_5,0.37544042,0.0
14_1_6,0.5976353,1.0
14_1_7,0.22804007,0.0
14_1_9,0.72492826,1.0
14_2_1,0.758203,1.0
14_2_10,0.45676222,0.0
14_2_11,0.31103608,0.0
14_2_12,0.27666137,0.0
14_2_13,0.3509976,0.0
14_2_14,0.34522873,0.0
14_2_15,0.48229071,1.0
14_2_16,0.25731072,0.0
14_2_17,0.30330786,0.0
14_2_18,0.57194364,1.0
14_2_19,0.21536247,0.0
14_2_2,0.20969482,0.0
14_2_20,0.44702289,0.0
14_2_21,0.10485166,0.0
14_2_22,0.4852238,1.0
14_2_23,0.35512075,1.0
14_2_24,0.08850066,0.0
14_2_27,0.13843222,0.0
14_2_29,0.5276164,1.0
14_2_30,0.7566218,1.0
14_2_31,0.078013316,0.0
14_2_32,0.70179373,1.0
14_2_33,0.113443464,0.0
14_2_34,0.4056607,0.0
14_2_4,0.7575032,1.0
14_2_5,0.12773049,0.0
14_2_6,0.28688422,1.0
14_2_8,0.30210933,0.0
14_2_9,0.34688956,0.0
15_1_1,0.6019298,1.0
15_1_10,0.34654975,1.0
15_1_11,0.89388925,1.0
15_1_12,0.42525306,0.0
15_1_13,0.60445106,0.0
15_1_17,0.90735286,1.0
15_1_18,0.14944983,0.0
15_1_19,0.37631187,0.0
15_1_2,0.8920772,1.0
15_1_20,0.8150445,1.0
15_1_21,0.36012557,0.0
15_1_22,0.26028398,0.0
15_1_24,0.1337284,0.0
15_1_25,0.34590623,1.0
15_1_26,0.21208225,0.0
15_1_27,0.21178734,0.0
15_1_28,0.21101734,0.0
15_1_29,0.47442424,1.0
15_1_30,0.57872564,1.0
15_1_31,0.76448107,1.0
15_1_33,0.1670751,0.0
15_1_34,0.34813368,0.0
15_1_35,0.17110656,0.0
15_1_36,0.114306994,0.0
15_1_4,0.8847953,1.0
15_1_5,0.96042055,1.0
15_1_6,0.41280928,0.0
15_1_8,0.2869581,0.0
15_2_1,0.15921107,0.0
15_2_10,0.5323005,1.0
15_2_11,0.8240178,1.0
15_2_12,0.12891155,0.0
15_2_13,0.75348926,1.0
15_2_14,0.8282585,1.0
15_2_16,0.16412203,0.0
15_2_17,0.47743428,1.0
15_2_18,0.17565627,0.0
15_2_19,0.11080962,0.0
15_2_2,0.12918536,0.0
15_2_20,0.4644823,0.0
15_2_21,0.15598945,0.0
15_2_22,0.35434598,0.0
15_2_23,0.714615,1.0
15_2_24,0.10295253,0.0
15_2_25,0.29925835,1.0
15_2_26,0.13583061,0.0
15_2_27,0.38529292,0.0
15_2_28,0.6150434,1.0
15_2_29,0.7224561,1.0
15_2_30,0.8104783,1.0
15_2_31,0.11360864,0.0
15_2_32,0.2916365,0.0
15_2_33,0.100281574,0.0
15_2_35,0.35053697,1.0
15_2_36,0.31216666,0.0
15_2_4,0.39857316,0.0
15_2_5,0.46368915,1.0
15_2_7,0.9417994,1.0
15_2_9,0.2944671,0.0
16_1_1,0.21533236,0.0
16_1_10,0.59657896,1.0
16_1_11,0.08676412,0.0
16_1_12,0.2859319,0.0
16_1_13,0.3398872,1.0
16_1_14,0.08572361,0.0
16_1_15,0.5974994,1.0
16_1_16,0.5518261,1.0
16_1_17,0.64425623,1.0
16_1_19,0.43733433,0.0
16_1_20,0.56289595,1.0
16_1_21,0.821445,1.0
16_1_22,0.15168388,0.0
16_1_23,0.79372454,1.0
16_1_25,0.7891705,1.0
16_1_26,0.7254469,1.0
16_1_27,0.14346556,0.0
16_1_28,0.25186577,0.0
16_1_3,0.108893305,0.0
16_1_30,0.36698478,0.0
16_1_32,0.19682707,0.0
16_1_33,0.38999832,0.0
16_1_34,0.30958825,0.0
16_1_35,0.1752977,0.0
16_1_36,0.23611051,1.0
16_1_37,0.25141284,0.0
16_1_4,0.34433183,0.0
16_1_5,0.32661846,0.0
16_1_6,0.1047202,0.0
16_1_8,0.14312749,0.0
16_1_9,0.10639741,0.0
16_2_1,0.30433702,0.0
16_2_10,0.67671794,1.0
16_2_11,0.6389386,1.0
16_2_13,0.8861882,1.0
16_2_14,0.2531467,0.0
16_2_15,0.19835149,0.0
16_2_16,0.40931964,1.0
16_2_18,0.92689806,1.0
16_2_19,0.96894526,1.0
16_2_20,0.9881902,1.0
16_2_21,0.989776,1.0
16_2_22,0.9934011,1.0
16_2_23,0.9922305,0.0
16_2_25,0.9997924,1.0
16_2_26,0.29291156,0.0
16_2_27,0.5162279,0.0
16_2_29,0.6798304,1.0
16_2_3,0.7205351,1.0
16_2_31,0.6724333,1.0
16_2_32,0.59828013,0.0
16_2_33,0.51672685,0.0
16_2_4,0.109676376,0.0
16_2_5,0.31796432,0.0
16_2_7,0.41383868,1.0
16_2_8,0.49443337,1.0
16_2_9,0.0931837,0.0
16_3_1,0.12578738,0.0
16_3_10,0.15780641,0.0
16_3_11,0.14101978,0.0
16_3_12,0.18702081,0.0
16_3_13,0.18758453,0.0
16_3_14,0.22360234,0.0
16_3_15,0.5448671,1.0
16_3_16,0.415899,1.0
16_3_17,0.82760054,1.0
16_3_18,0.1965714,0.0
16_3_19,0.7360699,1.0
16_3_2,0.42831117,1.0
16_3_20,0.59288996,1.0
16_3_21,0.11883656,0.0
16_3_22,0.34534118,0.0
16_3_23,0.19367284,0.0
16_3_24,0.22802438,0.0
16_3_25,0.701054,1.0
16_3_26,0.08500084,0.0
16_3_27,0.711546,1.0
16_3_28,0.36237592,0.0
16_3_29,0.18969095,0.0
16_3_3,0.5787728,1.0
16_3_31,0.71808016,1.0
16_3_33,0.5513326,1.0
16_3_35,0.67687577,1.0
16_3_36,0.7576341,1.0
16_3_38,0.1818444,0.0
16_3_39,0.7546605,1.0
16_3_4,0.24043214,0.0
16_3_40,0.23026027,0.0
16_3_5,0.29310983,0.0
16_3_6,0.68785,1.0
16_3_7,0.116772585,0.0
16_3_8,0.5009507,1.0
16_3_9,0.84015524,1.0
17_1_1,0.13517392,0.0
17_1_11,0.9753356,1.0
17_1_12,0.27993628,0.0
17_1_14,0.3556584,0.0
17_1_15,0.54491675,1.0
17_1_17,0.58723634,1.0
17_1_18,0.29067367,0.0
17_1_19,0.15219171,0.0
17_1_2,0.6655204,1.0
17_1_23,0.47668937,1.0
17_1_24,0.55802375,1.0
17_1_25,0.3415502,0.0
17_1_27,0.11694555,0.0
17_1_28,0.69663036,1.0
17_1_29,0.09743281,0.0
17_1_3,0.13269769,0.0
17_1_30,0.3575443,1.0
17_1_32,0.7410855,1.0
17_1_33,0.11543625,0.0
17_1_34,0.57787454,1.0
17_1_35,0.74664646,1.0
17_1_36,0.15387365,0.0
17_1_37,0.7937259,1.0
17_1_38,0.654194,1.0
17_1_39,0.15754698,0.0
17_1_4,0.6714862,1.0
17_1_40,0.3067406,0.0
17_1_6,0.50996745,0.0
17_1_7,0.5281715,0.0
17_1_8,0.54149824,1.0
17_1_9,0.6619902,1.0
17_2_10,0.22729926,0.0
17_2_12,0.5014251,0.0
17_2_13,0.69096637,1.0
17_2_17,0.25541815,1.0
17_2_18,0.0957957,0.0
17_2_19,0.13116877,0.0
17_2_2,0.55213374,1.0
17_2_20,0.09155499,0.0
17_2_22,0.17455864,0.0
17_2_23,0.5175842,1.0
17_2_24,0.61724627,1.0
17_2_25,0.8256084,1.0
17_2_26,0.12195719,0.0
17_2_27,0.61439645,1.0
17_2_28,0.5721531,1.0
17_2_29,0.8588576,1.0
17_2_3,0.6634766,1.0
17_2_30,0.101685755,0.0
17_2_31,0.2860946,0.0
17_2_32,0.55972224,1.0
17_2_33,0.49300927,1.0
17_2_35,0.32453084,0.0
17_2_36,0.29351437,0.0
17_2_4,0.9349445,1.0
17_2_5,0.9805015,1.0
17_2_6,0.35570574,0.0
17_2_7,0.23217347,0.0
17_2_8,0.48269558,0.0
18_1_1,0.8130686,1.0
18_1_12,0.10247295,0.0
18_1_14,0.6571319,1.0
18_1_15,0.071988665,0.0
18_1_16,0.6663528,1.0
18_1_18,0.5636064,1.0
18_1_19,0.21605636,0.0
18_1_2,0.22309875,0.0
18_1_21,0.0655463,0.0
18_1_23,0.22006837,0.0
18_1_24,0.21811004,0.0
18_1_27,0.12528643,0.0
18_1_4,0.16079421,0.0
18_1_5,0.3063594,0.0
18_1_7,0.24746254,0.0
18_1_8,0.31049117,0.0
18_1_9,0.17241856,0.0
18_2_1,0.48090088,0.0
18_2_10,0.72932965,1.0
18_2_11,0.70336586,1.0
18_2_12,0.110577986,0.0
18_2_14,0.753297,1.0
18_2_15,0.8545476,1.0
18_2_16,0.96157044,1.0
18_2_17,0.9753076,1.0
18_2_18,0.12649311,0.0
18_2_19,0.5256745,1.0
18_2_2,0.19887468,0.0
18_2_20,0.3838931,0.0
18_2_21,0.26437655,0.0
18_2_22,0.33124956,0.0
18_2_23,0.26875564,0.0
18_2_24,0.5946559,1.0
18_2_25,0.116209395,0.0
18_2_26,0.6169365,1.0
18_2_27,0.282221,0.0
18_2_29,0.21064092,0.0
18_2_30,0.190125,0.0
18_2_31,0.5239539,1.0
18_2_32,0.08965298,0.0
18_2_33,0.36309662,0.0
18_2_34,0.37369713,1.0
18_2_36,0.12996401,0.0
18_2_4,0.66719735,1.0
18_2_5,0.7745642,1.0
18_2_6,0.27714458,0.0
18_2_7,0.32993844,0.0
18_2_8,0.20261332,0.0
18_2_9,0.422964,1.0
19_1_1,0.33792484,0.0
19_1_10,0.23194166,0.0
19_1_13,0.2654836,1.0
19_1_15,0.6880944,1.0
19_1_16,0.7699385,1.0
19_1_17,0.70624065,1.0
19_1_18,0.118831955,0.0
19_1_19,0.56353843,1.0
19_1_2,0.22705297,0.0
19_1_20,0.2281271,0.0
19_1_21,0.38750023,1.0
19_1_22,0.35964707,0.0
19_1_24,0.34197074,0.0
19_1_25,0.14901271,0.0
19_1_26,0.38835293,0.0
19_1_27,0.35164958,0.0
19_1_28,0.14479709,0.0
19_1_29,0.37074646,1.0
19_1_3,0.17805132,0.0
19_1_30,0.7268155,1.0
19_1_31,0.8262351,1.0
19_1_33,0.34914497,0.0
19_1_34,0.38618505,0.0
19_1_4,0.30164728,0.0
19_1_5,0.49198955,1.0
19_1_6,0.5714914,1.0
19_1_7,0.14152326,0.0
19_1_8,0.2131484,0.0
19_1_9,0.24418391,1.0
19_2_1,0.25264028,0.0
19_2_11,0.7423451,1.0
19_2_12,0.12417485,0.0
19_2_14,0.093642704,0.0
19_2_15,0.5603659,1.0
19_2_16,0.16033095,0.0
19_2_17,0.09234545,0.0
19_2_19,0.06118687,0.0
19_2_2,0.69136363,1.0
19_2_20,0.52055943,1.0
19_2_21,0.58281046,1.0
19_2_22,0.8493912,1.0
19_2_23,0.24688366,0.0
19_2_24,0.41432673,1.0
19_2_25,0.36204648,1.0
19_2_28,0.28146383,0.0
19_2_29,0.10184214,0.0
19_2_3,0.15876932,0.0
19_2_30,0.2123604,0.0
19_2_31,0.57198644,1.0
19_2_33,0.16546628,0.0
19_2_34,0.09462776,0.0
19_2_4,0.4406253,1.0
19_2_5,0.22385077,0.0
19_2_6,0.1514809,0.0
19_2_7,0.37636876,0.0
19_2_8,0.17189004,0.0
1_1_10,0.4899307,0.0
1_1_11,0.82449514,1.0
1_1_12,0.257583,0.0
1_1_14,0.5270668,0.0
1_1_16,0.17313407,0.0
1_1_17,0.14829874,0.0
1_1_19,0.72576225,1.0
1_1_2,0.6984861,1.0
1_1_20,0.64960825,1.0
1_1_21,0.16360308,0.0
1_1_22,0.23124106,0.0
1_1_23,0.45786276,1.0
1_1_24,0.21489023,0.0
1_1_25,0.13017245,0.0
1_1_28,0.093452565,0.0
1_1_29,0.41983166,0.0
1_1_3,0.46839318,0.0
1_1_32,0.2196174,0.0
1_1_35,0.68643486,1.0
1_1_36,0.1161736,0.0
1_1_4,0.2257618,0.0
1_1_5,0.79560065,1.0
1_1_6,0.85628045,1.0
1_1_7,0.80538607,1.0
1_1_9,0.22455832,0.0
1_2_1,0.44460002,0.0
1_2_11,0.16454864,0.0
1_2_12,0.43234694,1.0
1_2_13,0.09193224,0.0
1_2_14,0.10589087,0.0
1_2_15,0.5116881,1.0
1_2_18,0.48013848,1.0
1_2_19,0.13057974,0.0
1_2_2,0.25474352,0.0
1_2_20,0.73428285,1.0
1_2_21,0.14918251,0.0
1_2_22,0.46743459,1.0
1_2_24,0.7836494,1.0
1_2_25,0.92283887,1.0
1_2_27,0.12978804,0.0
1_2_29,0.3690464,0.0
1_2_3,0.20335747,0.0
1_2_30,0.19849351,0.0
1_2_31,0.21899188,1.0
1_2_32,0.08200225,0.0
1_2_33,0.6689443,1.0
1_2_34,0.29308116,0.0
1_2_36,0.76641256,1.0
1_2_37,0.83521473,1.0
1_2_38,0.95886767,1.0
1_2_39,0.4108821,0.0
1_2_4,0.6082828,1.0
1_2_5,0.35495505,0.0
1_2_6,0.48203048,1.0
1_2_7,0.6696933,1.0
20_1_1,0.4825469,1.0
20_1_11,0.22857632,0.0
20_1_12,0.6650849,1.0
20_1_13,0.18943621,0.0
20_1_14,0.19668178,0.0
20_1_15,0.15185133,0.0
20_1_17,0.37470475,0.0
20_1_18,0.4772942,1.0
20_1_19,0.17762637,0.0
20_1_2,0.14400646,0.0
20_1_20,0.4827789,0.0
20_1_21,0.18912922,0.0
20_1_22,0.645427,1.0
20_1_23,0.6655087,1.0
20_1_25,0.96471167,1.0
20_1_26,0.31927118,0.0
20_1_27,0.29125267,0.0
20_1_28,0.28273305,0.0
20_1_30,0.37568107,0.0
20_1_31,0.37306306,1.0
20_1_32,0.13420764,0.0
20_1_33,0.16987005,0.0
20_1_35,0.5339807,1.0
20_1_37,0.17022492,0.0
20_1_4,0.36307368,0.0
20_1_5,0.3804735,0.0
20_1_6,0.6910303,1.0
20_1_7,0.38863614,0.0
20_1_8,0.70252603,1.0
20_1_9,0.42821327,1.0
20_2_1,0.14183444,0.0
20_2_10,0.25770327,0.0
20_2_11,0.39563262,1.0
20_2_12,0.19976868,0.0
20_2_13,0.21097639,0.0
20_2_14,0.61033654,1.0
20_2_15,0.46094272,1.0
20_2_16,0.39970767,0.0
20_2_17,0.2788102,0.0
20_2_18,0.15925077,0.0
20_2_19,0.70999587,1.0
20_2_20,0.3407614,1.0
20_2_21,0.24932206,0.0
20_2_22,0.6472056,1.0
20_2_23,0.1752756,0.0
20_2_24,0.16257103,0.0
20_2_26,0.7525148,1.0
20_2_28,0.67672044,1.0
20_2_3,0.35967207,0.0
20_2_31,0.48503664,1.0
20_2_32,0.23111303,0.0
20_2_33,0.6640825,1.0
20_2_34,0.7492556,1.0
20_2_35,0.080515765,0.0
20_2_36,0.58329165,1.0
20_2_37,0.0939149,0.0
20_2_4,0.7868542,1.0
20_2_5,0.16569555,0.0
20_2_6,0.57245165,0.0
20_2_7,0.71764886,1.0
20_2_9,0.15241262,0.0
21_1_1,0.11195871,0.0
21_1_10,0.9150426,1.0
21_1_11,0.9850234,1.0
21_1_13,0.640073,1.0
21_1_14,0.13096243,0.0
21_1_16,0.3803528,0.0
21_1_17,0.68618816,1.0
21_1_18,0.18759806,0.0
21_1_19,0.4149303,1.0
21_1_2,0.8124468,1.0
21_1_22,0.37215522,0.0
21_1_23,0.76677066,1.0
21_1_24,0.34717003,0.0
21_1_25,0.7979399,1.0
21_1_26,0.83587164,1.0
21_1_27,0.11153592,0.0
21_1_28,0.124210946,0.0
21_1_29,0.18760143,0.0
21_1_3,0.14290467,0.0
21_1_30,0.26451856,0.0
21_1_31,0.71856594,1.0
21_1_32,0.12524813,0.0
21_1_33,0.18550779,0.0
21_1_34,0.597917,1.0
21_1_37,0.11362636,0.0
21_1_38,0.46296063,1.0
21_1_39,0.5824297,1.0
21_1_4,0.4089361,0.0
21_1_40,0.89391154,1.0
21_1_41,0.21519819,0.0
21_1_42,0.41226113,1.0
21_1_43,0.3673645,0.0
21_1_44,0.47098994,1.0
21_1_46,0.51447165,1.0
21_1_48,0.51541996,0.0
21_1_5,0.587068,1.0
21_1_7,0.50369734,1.0
21_1_8,0.66895056,1.0
21_2_10,0.15874708,0.0
21_2_11,0.20540011,0.0
21_2_12,0.47043982,1.0
21_2_13,0.06764781,0.0
21_2_15,0.72066075,1.0
21_2_16,0.49801886,1.0
21_2_18,0.25835213,0.0
21_2_19,0.37118405,1.0
21_2_20,0.18213467,0.0
21_2_21,0.4198874,0.0
21_2_22,0.71804196,1.0
21_2_23,0.1641023,0.0
21_2_25,0.1460175,0.0
21_2_26,0.5009299,1.0
21_2_27,0.5716149,1.0
21_2_28,0.12742132,0.0
21_2_29,0.18447328,0.0
21_2_3,0.21276584,0.0
21_2_31,0.20472372,0.0
21_2_4,0.45824644,0.0
21_2_5,0.7688755,1.0
21_2_7,0.4399597,0.0
21_2_8,0.17576216,0.0
21_2_9,0.1070696,0.0
22_1_1,0.28095078,0.0
22_1_10,0.8316961,1.0
22_1_11,0.1521872,0.0
22_1_12,0.5276691,1.0
22_1_13,0.17056648,0.0
22_1_14,0.765279,1.0
22_1_15,0.53066283,1.0
22_1_16,0.45456472,0.0
22_1_17,0.7323096,1.0
22_1_18,0.48981547,0.0
22_1_19,0.21394338,0.0
22_1_2,0.42379242,0.0
22_1_20,0.78406787,1.0
22_1_21,0.8446216,1.0
22_1_23,0.3871692,0.0
22_1_24,0.7389731,1.0
22_1_26,0.33310196,1.0
22_1_27,0.75308865,1.0
22_1_28,0.3800919,0.0
22_1_29,0.27626953,0.0
22_1_3,0.532606,1.0
22_1_30,0.4851722,1.0
22_1_31,0.544204,0.0
22_1_33,0.49707818,0.0
22_1_35,0.12660637,0.0
22_1_36,0.6112373,0.0
22_1_38,0.23259574,0.0
22_1_39,0.13594975,0.0
22_1_5,0.9082534,1.0
22_1_6,0.28440055,0.0
22_1_7,0.69549304,1.0
22_1_9,0.7211935,1.0
22_2_1,0.3001357,0.0
22_2_10,0.25309962,0.0
22_2_11,0.14608161,0.0
22_2_12,0.27952942,1.0
22_2_15,0.09207304,0.0
22_2_16,0.08593274,0.0
22_2_17,0.3136175,0.0
22_2_18,0.08555708,0.0
22_2_2,0.19855182,0.0
22_2_20,0.10393325,0.0
22_2_21,0.20906715,1.0
22_2_22,0.42217356,1.0
22_2_23,0.74259365,1.0
22_2_25,0.541403,1.0
22_2_26,0.19177864,0.0
22_2_27,0.07659441,0.0
22_2_28,0.0816867,0.0
22_2_29,0.10731146,0.0
22_2_3,0.11013724,0.0
22_2_4,0.46511126,0.0
22_2_5,0.13706017,0.0
22_2_7,0.14934011,0.0
22_2_8,0.112217404,0.0
22_2_9,0.44641033,1.0
23_1_1,0.82440746,1.0
23_1_11,0.67307675,1.0
23_1_12,0.24489363,0.0
23_1_13,0.19923896,0.0
23_1_14,0.43689874,1.0
23_1_15,0.16918288,0.0
23_1_16,0.4220873,1.0
23_1_17,0.7232783,1.0
23_1_18,0.3858018,0.0
23_1_2,0.8226729,1.0
23_1_20,0.2123232,0.0
23_1_21,0.61214745,1.0
23_1_22,0.7877476,1.0
23_1_23,0.371589,0.0
23_1_24,0.6866727,1.0
23_1_25,0.83170545,1.0
23_1_26,0.9449208,1.0
23_1_27,0.26882514,0.0
23_1_28,0.20802793,0.0
23_1_29,0.57198626,0.0
23_1_3,0.23831224,0.0
23_1_30,0.67012453,1.0
23_1_31,0.1829532,0.0
23_1_33,0.70490795,1.0
23_1_35,0.18436421,0.0
23_1_38,0.20822312,0.0
23_1_4,0.21152185,0.0
23_1_40,0.51248187,0.0
23_1_41,0.7407327,1.0
23_1_42,0.7382123,1.0
23_1_5,0.6395445,1.0
23_1_6,0.46414542,0.0
23_1_7,0.23642698,0.0
23_1_8,0.801932,1.0
23_1_9,0.13506316,0.0
23_2_1,0.38997453,0.0
23_2_11,0.13182081,0.0
23_2_12,0.3002569,0.0
23_2_13,0.16806537,0.0
23_2_15,0.08241144,0.0
23_2_16,0.17091115,0.0
23_2_17,0.695493,1.0
23_2_18,0.17469849,0.0
23_2_19,0.14489889,0.0
23_2_2,0.49036187,1.0
23_2_20,0.2802069,0.0
23_2_21,0.63191336,1.0
23_2_22,0.25421244,0.0
23_2_23,0.38513768,1.0
23_2_24,0.65862536,1.0
23_2_26,0.8727915,1.0
23_2_27,0.09178343,0.0
23_2_28,0.15148371,0.0
23_2_29,0.4574828,1.0
23_2_3,0.39882502,0.0
23_2_31,0.35118726,0.0
23_2_32,0.14110895,0.0
23_2_33,0.08794149,0.0
23_2_4,0.6197744,1.0
23_2_5,0.25186428,0.0
23_2_6,0.70673966,1.0
23_2_7,0.32908207,0.0
23_2_9,0.4267195,0.0
23_3_1,0.30772927,0.0
23_3_10,0.20204273,0.0
23_3_11,0.5074829,0.0
23_3_12,0.28081995,0.0
23_3_13,0.69966,1.0
23_3_14,0.33759224,0.0
23_3_15,0.66086483,1.0
23_3_16,0.366208,0.0
23_3_18,0.4296185,0.0
23_3_19,0.43810222,1.0
23_3_23,0.23679544,0.0
23_3_24,0.37466344,0.0
23_3_25,0.47029918,1.0
23_3_26,0.18055016,0.0
23_3_27,0.13527872,0.0
23_3_28,0.4874385,1.0
23_3_29,0.30937168,0.0
23_3_3,0.25605685,0.0
23_3_30,0.61812377,1.0
23_3_32,0.7767011,1.0
23_3_33,0.8627037,1.0
23_3_34,0.9642812,1.0
23_3_35,0.23292771,0.0
23_3_36,0.46365866,1.0
23_3_37,0.3454442,0.0
23_3_38,0.73798126,1.0
23_3_39,0.371589,0.0
23_3_4,0.5520113,1.0
23_3_40,0.3229529,0.0
23_3_5,0.686105,1.0
23_3_6,0.88879895,1.0
23_3_8,0.969737,1.0
23_3_9,0.99402446,1.0
24_1_1,0.82641923,1.0
24_1_10,0.30396914,0.0
24_1_11,0.79137474,1.0
24_1_12,0.16933958,0.0
24_1_13,0.2436346,0.0
24_1_14,0.20535916,0.0
24_1_15,0.7594833,1.0
24_1_17,0.12803702,0.0
24_1_19,0.36321345,0.0
24_1_20,0.5815825,1.0
24_1_21,0.6815789,1.0
24_1_23,0.25735128,0.0
24_1_25,0.4260315,0.0
24_1_26,0.23397118,0.0
24_1_27,0.39415193,0.0
24_1_29,0.18033157,0.0
24_1_3,0.4844397,1.0
24_1_30,0.23714294,0.0
24_1_31,0.2347257,0.0
24_1_32,0.24613379,0.0
24_1_33,0.67302245,1.0
24_1_34,0.1471369,0.0
24_1_35,0.53152907,1.0
24_1_36,0.32440647,0.0
24_1_37,0.20377553,0.0
24_1_38,0.35720974,1.0
24_1_39,0.6523025,1.0
24_1_4,0.80353796,1.0
24_1_40,0.7648694,1.0
24_1_41,0.22578794,0.0
24_1_42,0.47593933,0.0
24_1_6,0.3467035,0.0
24_2_1,0.7989348,1.0
24_2_11,0.88688475,1.0
24_2_12,0.87870574,0.0
24_2_13,0.98933244,1.0
24_2_14,0.9930606,1.0
24_2_15,0.997424,1.0
24_2_16,0.33922544,0.0
24_2_17,0.81042284,1.0
24_2_18,0.88180274,1.0
24_2_19,0.30000767,0.0
24_2_20,0.77886194,1.0
24_2_21,0.43892032,0.0
24_2_22,0.6339085,0.0
24_2_23,0.4310604,0.0
24_2_26,0.30287516,0.0
24_2_27,0.72589284,1.0
24_2_28,0.83408946,1.0
24_2_29,0.9469923,1.0
24_2_3,0.19016956,0.0
24_2_30,0.23138687,0.0
24_2_31,0.6518231,1.0
24_2_32,0.85730135,1.0
24_2_33,0.56163543,0.0
24_2_35,0.39428785,0.0
24_2_36,0.32695872,0.0
24_2_37,0.79801154,1.0
24_2_4,0.5224163,1.0
24_2_6,0.58225644,0.0
24_2_9,0.7119534,1.0
24_3_10,0.1811683,0.0
24_3_11,0.59334433,1.0
24_3_12,0.12836987,0.0
24_3_14,0.8135114,1.0
24_3_15,0.13099238,0.0
24_3_16,0.11883594,0.0
24_3_17,0.6713377,1.0
24_3_18,0.79472286,1.0
24_3_19,0.23858841,0.0
24_3_20,0.72912186,1.0
24_3_21,0.16799983,0.0
24_3_23,0.821135,1.0
24_3_26,0.24718247,0.0
24_3_27,0.30101332,0.0
24_3_28,0.42812276,0.0
24_3_29,0.22452328,0.0
24_3_30,0.731906,1.0
24_3_31,0.3478543,0.0
24_3_32,0.17576216,0.0
24_3_33,0.25765732,0.0
24_3_34,0.69518703,1.0
24_3_35,0.21282725,0.0
24_3_36,0.13589317,0.0
24_3_4,0.13640164,0.0
24_3_5,0.67900324,1.0
24_3_6,0.30869845,0.0
24_3_7,0.780354,1.0
24_3_9,0.24426383,0.0
25_1_1,0.7809354,1.0
25_1_10,0.29751113,0.0
25_1_11,0.36770803,0.0
25_1_12,0.24099489,0.0
25_1_13,0.19778323,0.0
25_1_14,0.11883594,0.0
25_1_15,0.77638465,1.0
25_1_16,0.12266569,0.0
25_1_17,0.2877327,1.0
25_1_18,0.64351785,1.0
25_1_19,0.13087952,0.0
25_1_2,0.16991942,0.0
25_1_20,0.18198729,0.0
25_1_21,0.36170495,0.0
25_1_22,0.15507686,0.0
25_1_24,0.5622454,1.0
25_1_25,0.13981467,0.0
25_1_27,0.09372983,0.0
25_1_28,0.10326187,0.0
25_1_29,0.08965485,0.0
25_1_3,0.6886225,1.0
25_1_30,0.36909935,0.0
25_1_31,0.20232704,0.0
25_1_32,0.28964925,0.0
25_1_33,0.28715897,1.0
25_1_34,0.19409065,0.0
25_1_4,0.3301084,0.0
25_1_5,0.85055315,1.0
25_1_7,0.28670952,0.0
25_1_8,0.29642993,0.0
25_1_9,0.5353421,1.0
25_2_1,0.69896305,1.0
25_2_10,0.31914595,0.0
25_2_11,0.8373515,1.0
25_2_13,0.6363588,1.0
25_2_14,0.77009654,1.0
25_2_15,0.28323972,0.0
25_2_17,0.85322016,1.0
25_2_18,0.83437115,1.0
25_2_19,0.9377386,1.0
25_2_2,0.13839376,0.0
25_2_20,0.9752372,1.0
25_2_21,0.9938805,1.0
25_2_22,0.2010153,0.0
25_2_23,0.31585273,0.0
25_2_25,0.7077378,1.0
25_2_26,0.9269326,1.0
25_2_28,0.88704133,1.0
25_2_29,0.47525483,0.0
25_2_3,0.72011,1.0
25_2_31,0.71204585,0.0
25_2_4,0.1634596,0.0
25_2_8,0.75079983,0.0
25_2_9,0.9267441,1.0
25_3_1,0.5309953,1.0
25_3_10,0.30966818,0.0
25_3_11,0.61827826,1.0
25_3_12,0.534001,1.0
25_3_13,0.40804878,0.0
25_3_14,0.20344767,0.0
25_3_16,0.11284062,0.0
25_3_17,0.2192069,0.0
25_3_18,0.23138781,0.0
25_3_19,0.7287272,1.0
25_3_2,0.11859887,0.0
25_3_20,0.3092001,0.0
25_3_21,0.097541735,0.0
25_3_22,0.13524869,0.0
25_3_23,0.17424124,0.0
25_3_24,0.6453536,1.0
25_3_26,0.5633424,0.0
25_3_27,0.4362709,0.0
25_3_28,0.1865601,0.0
25_3_29,0.5791957,1.0
25_3_32,0.7544767,1.0
25_3_33,0.08424656,0.0
25_3_34,0.5576271,1.0
25_3_35,0.10581485,0.0
25_3_36,0.5852624,1.0
25_3_37,0.11021202,0.0
25_3_5,0.6798905,1.0
25_3_6,0.59938115,1.0
25_3_7,0.17577556,0.0
25_3_8,0.2854859,0.0
26_1_1,0.2039001,0.0
26_1_10,0.16829444,0.0
26_1_11,0.7114917,1.0
26_1_12,0.7626469,1.0
26_1_13,0.70260155,1.0
26_1_14,0.3914385,0.0
26_1_15,0.275559,0.0
26_1_16,0.28183302,0.0
26_1_17,0.64430773,1.0
26_1_19,0.102960005,0.0
26_1_2,0.31906295,0.0
26_1_20,0.70813644,1.0
26_1_21,0.24020319,0.0
26_1_22,0.17293303,0.0
26_1_25,0.17194223,0.0
26_1_26,0.2645208,0.0
26_1_27,0.19332294,0.0
26_1_28,0.14314918,0.0
26_1_30,0.37704435,1.0
26_1_31,0.1326785,0.0
26_1_32,0.32977694,0.0
26_1_33,0.42335397,1.0
26_1_34,0.7672773,1.0
26_1_35,0.739046,1.0
26_1_36,0.16076204,0.0
26_1_5,0.5363148,1.0
26_1_6,0.100689866,0.0
26_1_7,0.3343548,0.0
26_1_9,0.4047416,1.0
26_2_1,0.26563773,0.0
26_2_10,0.71532613,1.0
26_2_11,0.79829323,1.0
26_2_12,0.16484094,0.0
26_2_13,0.5809055,0.0
26_2_14,0.65494645,1.0
26_2_16,0.8279156,1.0
26_2_17,0.96591616,1.0
26_2_18,0.23590016,0.0
26_2_19,0.2671224,0.0
26_2_2,0.6297711,1.0
26_2_21,0.37053844,0.0
26_2_22,0.72004104,1.0
26_2_23,0.663969,1.0
26_2_24,0.35814756,0.0
26_2_26,0.8944018,1.0
26_2_27,0.18511459,0.0
26_2_28,0.3360817,0.0
26_2_29,0.609967,1.0
26_2_3,0.4985487,1.0
26_2_31,0.43821958,0.0
26_2_33,0.16309944,0.0
26_2_34,0.6184967,0.0
26_2_35,0.63308007,0.0
26_2_37,0.7897911,1.0
26_2_38,0.9058005,1.0
26_2_4,0.7570448,1.0
26_2_5,0.9183614,1.0
26_2_6,0.25075087,0.0
26_2_7,0.4842267,1.0
26_2_8,0.1560988,0.0
26_2_9,0.40433496,0.0
26_3_1,0.108952686,0.0
26_3_10,0.17808358,0.0
26_3_12,0.7665748,1.0
26_3_13,0.100868694,0.0
26_3_14,0.21255122,0.0
26_3_15,0.5226612,1.0
26_3_16,0.7642849,1.0
26_3_17,0.88738495,1.0
26_3_18,0.19617368,0.0
26_3_19,0.50041705,1.0
26_3_2,0.258673,0.0
26_3_20,0.31201,0.0
26_3_21,0.17424548,0.0
26_3_22,0.20759279,0.0
26_3_23,0.4332473,1.0
26_3_24,0.74085265,1.0
26_3_25,0.12711175,0.0
26_3_26,0.46795467,0.0
26_3_27,0.72000337,1.0
26_3_28,0.77039105,1.0
26_3_29,0.6964521,1.0
26_3_3,0.17587201,0.0
26_3_30,0.9009327,1.0
26_3_31,0.14941394,0.0
26_3_32,0.71342564,1.0
26_3_33,0.10803012,0.0
26_3_34,0.6644639,1.0
26_3_35,0.32831714,0.0
26_3_36,0.3270815,0.0
26_3_37,0.2505838,0.0
26_3_39,0.15362908,0.0
26_3_5,0.1457818,0.0
26_3_9,0.26420185,0.0
27_1_10,0.23287463,0.0
27_1_11,0.53497165,0.0
27_1_12,0.6340427,1.0
27_1_13,0.33219194,0.0
27_1_15,0.3466017,0.0
27_1_16,0.3912493,1.0
27_1_18,0.7167485,1.0
27_1_19,0.7835343,1.0
27_1_2,0.21377069,0.0
27_1_20,0.67803437,1.0
27_1_21,0.117277764,0.0
27_1_22,0.19407122,0.0
27_1_23,0.7446039,1.0
27_1_24,0.24935627,0.0
27_1_25,0.57173514,1.0
27_1_26,0.20049599,0.0
27_1_27,0.22911578,0.0
27_1_28,0.55032915,1.0
27_1_29,0.16120538,0.0
27_1_31,0.4126405,1.0
27_1_32,0.9102476,1.0
27_1_33,0.93646353,1.0
27_1_34,0.9652568,1.0
27_1_35,0.40223953,0.0
27_1_36,0.75623536,1.0
27_1_38,0.5437829,1.0
27_1_39,0.24632044,0.0
27_1_4,0.7495357,1.0
27_1_40,0.57174504,0.0
27_1_5,0.16031377,0.0
27_1_6,0.32895225,0.0
27_1_7,0.19688684,0.0
27_1_8,0.19518843,0.0
27_2_1,0.21087849,0.0
27_2_10,0.16953373,0.0
27_2_11,0.8152524,1.0
27_2_12,0.153235,0.0
27_2_13,0.7615596,1.0
27_2_14,0.20334347,0.0
27_2_16,0.7380269,1.0
27_2_18,0.2170236,0.0
27_2_19,0.2504607,0.0
27_2_2,0.22115344,0.0
27_2_20,0.22508565,0.0
27_2_21,0.7554347,1.0
27_2_23,0.17501932,0.0
27_2_24,0.24137779,0.0
27_2_26,0.6798248,1.0
27_2_27,0.117706,0.0
27_2_29,0.7133288,1.0
27_2_3,0.5619635,1.0
27_2_30,0.17065708,0.0
27_2_32,0.28596973,0.0
27_2_33,0.6996391,1.0
27_2_34,0.09521748,0.0
27_2_35,0.19051091,0.0
27_2_36,0.57261896,1.0
27_2_37,0.19581644,0.0
27_2_38,0.09746283,0.0
27_2_4,0.11355473,0.0
27_2_5,0.49303848,1.0
27_2_6,0.561222,1.0
27_2_9,0.14063293,0.0
28_1_1,0.2050191,0.0
28_1_10,0.51574975,0.0
28_1_11,0.75295603,1.0
28_1_12,0.23955846,0.0
28_1_13,0.43089423,1.0
28_1_14,0.36182103,0.0
28_1_17,0.80430776,1.0
28_1_2,0.6806104,1.0
28_1_20,0.26786938,0.0
28_1_21,0.7163402,1.0
28_1_22,0.85350287,1.0
28_1_24,0.26645783,0.0
28_1_25,0.5153326,0.0
28_1_26,0.7416177,1.0
28_1_28,0.55117863,1.0
28_1_3,0.85083306,1.0
28_1_32,0.160405,0.0
28_1_33,0.24464017,0.0
28_1_34,0.16338821,0.0
28_1_35,0.19140416,0.0
28_1_37,0.19372001,0.0
28_1_38,0.7061159,1.0
28_1_39,0.7181329,1.0
28_1_4,0.82827264,1.0
28_1_40,0.19350591,0.0
28_1_5,0.1818796,0.0
28_1_6,0.24752037,0.0
28_1_9,0.6568362,1.0
28_2_11,0.30151793,0.0
28_2_12,0.24120963,0.0
28_2_13,0.4873378,1.0
28_2_14,0.37437376,1.0
28_2_15,0.15142775,0.0
28_2_16,0.1644777,0.0
28_2_19,0.33891222,1.0
28_2_2,0.27868536,0.0
28_2_20,0.11586844,0.0
28_2_21,0.4136897,1.0
28_2_22,0.0852915,0.0
28_2_23,0.5227522,1.0
28_2_24,0.50038815,1.0
28_2_25,0.09232986,0.0
28_2_26,0.15682974,0.0
28_2_27,0.12029206,0.0
28_2_28,0.1423555,0.0
28_2_29,0.45108843,1.0
28_2_3,0.35925242,0.0
28_2_30,0.6269495,1.0
28_2_31,0.29221413,0.0
28_2_4,0.50406456,1.0
28_2_5,0.17636,0.0
28_2_6,0.11231,0.0
28_2_8,0.13350272,0.0
28_2_9,0.4976934,1.0
29_1_10,0.5549151,0.0
29_1_11,0.37994313,0.0
29_1_12,0.15609491,0.0
29_1_13,0.71034795,1.0
29_1_14,0.30785626,0.0
29_1_15,0.25785813,0.0
29_1_16,0.13636646,0.0
29_1_17,0.19318374,0.0
29_1_18,0.76439667,1.0
29_1_2,0.5962818,1.0
29_1_20,0.23760644,0.0
29_1_21,0.28710026,0.0
29_1_22,0.45585406,1.0
29_1_23,0.3103806,0.0
29_1_24,0.12048468,0.0
29_1_25,0.11080964,0.0
29_1_26,0.5503788,1.0
29_1_27,0.11417885,0.0
29_1_28,0.7080682,1.0
29_1_3,0.497106,0.0
29_1_30,0.17189004,0.0
29_1_31,0.09607028,0.0
29_1_32,0.7369736,1.0
29_1_33,0.23054889,0.0
29_1_35,0.6509596,1.0
29_1_36,0.47734267,0.0
29_1_38,0.7488592,1.0
29_1_39,0.29128346,0.0
29_1_4,0.7997393,1.0
29_1_41,0.6400529,1.0
29_1_42,0.27527156,0.0
29_1_43,0.9068349,1.0
29_1_44,0.47732663,0.0
29_1_46,0.12048468,0.0
29_1_5,0.73569447,0.0
29_1_8,0.77917737,0.0
29_1_9,0.5408237,0.0
29_2_10,0.22954544,0.0
29_2_11,0.4610357,0.0
29_2_12,0.13144039,0.0
29_2_13,0.28419825,0.0
29_2_15,0.12074721,0.0
29_2_16,0.16277948,0.0
29_2_17,0.5090519,1.0
29_2_18,0.22429785,0.0
29_2_19,0.10876659,0.0
29_2_2,0.39677715,0.0
29_2_20,0.3428861,0.0
29_2_21,0.44822395,1.0
29_2_22,0.6813311,1.0
29_2_23,0.27696675,0.0
29_2_25,0.30969295,0.0
29_2_27,0.20337707,0.0
29_2_28,0.13666257,0.0
29_2_29,0.58411837,1.0
29_2_3,0.21320318,0.0
29_2_30,0.3271279,1.0
29_2_31,0.30969155,0.0
29_2_32,0.31469205,0.0
29_2_4,0.11883691,0.0
29_2_5,0.11080964,0.0
29_2_6,0.22303754,0.0
29_2_7,0.7439238,1.0
29_2_8,0.21684493,0.0
29_2_9,0.19338664,0.0
2_1_1,0.59739995,1.0
2_1_10,0.8480278,1.0
2_1_11,0.19958158,0.0
2_1_12,0.1756727,0.0
2_1_13,0.23440404,0.0
2_1_15,0.49009195,0.0
2_1_16,0.34837553,1.0
2_1_17,0.79399216,1.0
2_1_18,0.9469132,1.0
2_1_20,0.16735284,0.0
2_1_21,0.4023457,1.0
2_1_23,0.29492518,0.0
2_1_24,0.27213094,0.0
2_1_25,0.22248971,0.0
2_1_26,0.2727287,0.0
2_1_27,0.20155388,0.0
2_1_29,0.3254325,0.0
2_1_3,0.6423494,1.0
2_1_30,0.5587909,1.0
2_1_31,0.4160159,1.0
2_1_32,0.1688397,0.0
2_1_33,0.69783664,1.0
2_1_34,0.2102247,0.0
2_1_36,0.35953206,0.0
2_1_37,0.31394067,1.0
2_1_38,0.44019017,0.0
2_1_39,0.7510937,1.0
2_1_4,0.7934428,1.0
2_1_40,0.79183626,1.0
2_1_41,0.1811645,0.0
2_1_42,0.29939458,0.0
2_1_5,0.71079856,1.0
2_1_7,0.9638861,1.0
2_1_8,0.1489679,0.0
2_1_9,0.86254865,1.0
2_2_1,0.6593594,1.0
2_2_10,0.92639726,1.0
2_2_11,0.2081359,0.0
2_2_12,0.3957404,1.0
2_2_13,0.13920768,0.0
2_2_14,0.16708972,0.0
2_2_15,0.5258367,1.0
2_2_16,0.8347076,1.0
2_2_17,0.132233,0.0
2_2_19,0.5305537,1.0
2_2_2,0.192783,0.0
2_2_20,0.7916405,1.0
2_2_21,0.2026779,0.0
2_2_22,0.69979954,1.0
2_2_24,0.83793354,1.0
2_2_25,0.18187976,0.0
2_2_26,0.17561503,0.0
2_2_27,0.17789109,0.0
2_2_29,0.32109484,0.0
2_2_3,0.773267,1.0
2_2_30,0.22104536,0.0
2_2_31,0.10131228,0.0
2_2_32,0.08433929,0.0
2_2_5,0.17756449,0.0
2_2_6,0.23208638,0.0
2_2_7,0.19742565,0.0
2_2_9,0.7956918,1.0
30_1_1,0.5854349,1.0
30_1_10,0.4566812,0.0
30_1_11,0.19808802,0.0
30_1_12,0.22775954,0.0
30_1_13,0.69906,1.0
30_1_14,0.13638772,0.0
30_1_15,0.25609908,0.0
30_1_17,0.15019068,0.0
30_1_18,0.26116812,0.0
30_1_19,0.4058848,0.0
30_1_20,0.5038536,1.0
30_1_21,0.12753925,0.0
30_1_22,0.5221621,1.0
30_1_23,0.29566345,0.0
30_1_24,0.3607986,0.0
30_1_25,0.37770012,1.0
30_1_26,0.3278585,0.0
30_1_27,0.10478299,0.0
30_1_28,0.11113987,0.0
30_1_3,0.7051879,1.0
30_1_30,0.35150978,1.0
30_1_31,0.14622003,0.0
30_1_33,0.5903773,1.0
30_1_34,0.13807812,0.0
30_1_4,0.9740616,1.0
30_1_5,0.23575126,0.0
30_1_7,0.27733853,0.0
30_1_8,0.81505483,1.0
30_2_1,0.50316465,1.0
30_2_11,0.8899762,1.0
30_2_12,0.48357442,0.0
30_2_13,0.80807626,1.0
30_2_14,0.2653743,0.0
30_2_15,0.3016094,0.0
30_2_16,0.7361926,1.0
30_2_18,0.51694554,0.0
30_2_2,0.11119242,0.0
30_2_24,0.4265882,0.0
30_2_25,0.17619231,0.0
30_2_26,0.69166344,1.0
30_2_27,0.73148143,1.0
30_2_28,0.37970567,0.0
30_2_29,0.39270407,1.0
30_2_31,0.47845805,0.0
30_2_32,0.22723147,0.0
30_2_33,0.1108099,0.0
30_2_35,0.67373526,1.0
30_2_36,0.84652114,1.0
30_2_37,0.89034235,1.0
30_2_38,0.47781098,0.0
30_2_39,0.56590563,0.0
30_2_4,0.8818698,1.0
30_2_5,0.15993728,0.0
30_2_6,0.74250424,1.0
30_2_7,0.22528768,0.0
30_2_8,0.5337914,0.0
30_2_9,0.5336127,1.0
31_1_1,0.4333855,1.0
31_1_10,0.6983641,1.0
31_1_11,0.93474865,1.0
31_1_12,0.9014106,1.0
31_1_13,0.18702137,0.0
31_1_14,0.24124362,0.0
31_1_15,0.81095135,1.0
31_1_16,0.2336826,0.0
31_1_18,0.33876526,0.0
31_1_21,0.2277339,0.0
31_1_22,0.33339486,0.0
31_1_23,0.24747066,0.0
31_1_24,0.6357153,1.0
31_1_25,0.8196905,1.0
31_1_26,0.9156513,1.0
31_1_27,0.96517044,1.0
31_1_3,0.41058588,0.0
31_1_30,0.4936631,0.0
31_1_31,0.2803243,0.0
31_1_32,0.2745108,0.0
31_1_33,0.5913238,1.0
31_1_34,0.81165886,1.0
31_1_35,0.77555764,1.0
31_1_36,0.9499891,1.0
31_1_4,0.31300822,0.0
31_1_6,0.56960034,1.0
31_1_8,0.17736691,0.0
31_1_9,0.78239137,1.0
31_2_1,0.1546101,0.0
31_2_11,0.13036609,0.0
31_2_12,0.6799548,1.0
31_2_13,0.12201919,0.0
31_2_14,0.5178205,0.0
31_2_15,0.19449992,0.0
31_2_16,0.15475345,0.0
31_2_17,0.35023892,0.0
31_2_18,0.3417251,0.0
31_2_19,0.16916311,0.0
31_2_2,0.18986705,0.0
31_2_21,0.17190593,0.0
31_2_23,0.5793408,1.0
31_2_24,0.7349253,1.0
31_2_25,0.085447475,0.0
31_2_28,0.21152514,1.0
31_2_29,0.7300407,1.0
31_2_3,0.30227414,0.0
31_2_30,0.14498423,0.0
31_2_31,0.44415846,0.0
31_2_33,0.23538764,0.0
31_2_4,0.69120985,1.0
31_2_5,0.73302054,1.0
31_2_7,0.10953914,0.0
31_2_8,0.61283636,1.0
31_3_1,0.20559439,0.0
31_3_10,0.9614489,1.0
31_3_11,0.12471906,0.0
31_3_12,0.6254561,1.0
31_3_13,0.3390575,0.0
31_3_14,0.4374777,0.0
31_3_16,0.37248597,0.0
31_3_17,0.55281794,1.0
31_3_18,0.12086033,0.0
31_3_19,0.17232646,0.0
31_3_2,0.22387975,0.0
31_3_21,0.27013996,0.0
31_3_22,0.23188272,0.0
31_3_25,0.83148336,1.0
31_3_26,0.10723476,0.0
31_3_29,0.8126771,1.0
31_3_3,0.41814536,1.0
31_3_30,0.2574776,0.0
31_3_32,0.23043056,1.0
31_3_33,0.84162384,1.0
31_3_34,0.23589972,0.0
31_3_37,0.67188084,1.0
31_3_38,0.321967,0.0
31_3_4,0.17520295,0.0
31_3_5,0.5479409,1.0
31_3_6,0.28057277,0.0
31_3_7,0.6308148,1.0
31_3_9,0.9439654,1.0
32_1_1,0.41426572,0.0
32_1_10,0.5396573,1.0
32_1_11,0.31055057,0.0
32_1_13,0.18924953,0.0
32_1_14,0.18188968,0.0
32_1_16,0.49123007,1.0
32_1_17,0.08790739,0.0
32_1_19,0.41464236,1.0
32_1_20,0.3971177,0.0
32_1_21,0.7401235,1.0
32_1_23,0.3621672,0.0
32_1_25,0.44606,0.0
32_1_26,0.68711704,1.0
32_1_28,0.3389141,0.0
32_1_29,0.74040735,1.0
32_1_3,0.43828306,0.0
32_1_30,0.5090668,1.0
32_1_31,0.87532336,1.0
32_1_32,0.36530778,0.0
32_1_33,0.7362465,1.0
32_1_34,0.5094228,1.0
32_1_35,0.6399913,1.0
32_1_36,0.14444567,0.0
32_1_37,0.74790925,1.0
32_1_38,0.14516692,0.0
32_1_39,0.2074446,0.0
32_1_5,0.60587066,1.0
32_1_7,0.73588735,1.0
32_1_8,0.18887578,0.0
32_1_9,0.47498438,1.0
32_2_10,0.20099853,0.0
32_2_12,0.14588356,0.0
32_2_13,0.79620147,1.0
32_2_14,0.2721792,0.0
32_2_15,0.2526668,0.0
32_2_16,0.68029934,1.0
32_2_17,0.23355511,0.0
32_2_18,0.43727314,1.0
32_2_19,0.46322623,0.0
32_2_2,0.8082652,1.0
32_2_21,0.7927674,1.0
32_2_22,0.7753696,1.0
32_2_23,0.17641903,0.0
32_2_25,0.13916945,0.0
32_2_26,0.60521686,0.0
32_2_27,0.27446228,0.0
32_2_28,0.4930205,0.0
32_2_29,0.20788787,0.0
32_2_3,0.76500165,1.0
32_2_31,0.45481363,0.0
32_2_32,0.3265496,1.0
32_2_33,0.2065325,0.0
32_2_34,0.65425766,1.0
32_2_36,0.43298733,1.0
32_2_37,0.68058896,1.0
32_2_38,0.81051826,1.0
32_2_39,0.9068495,1.0
32_2_4,0.97659385,1.0
32_2_40,0.21084104,0.0
32_2_5,0.38483724,0.0
32_2_6,0.26727897,0.0
32_2_7,0.84411913,1.0
32_2_8,0.58884704,1.0
32_2_9,0.17969602,0.0
33_1_1,0.4247092,1.0
33_1_10,0.5314012,0.0
33_1_11,0.12736037,0.0
33_1_12,0.13375525,0.0
33_1_14,0.59365547,1.0
33_1_15,0.81878597,1.0
33_1_16,0.9154313,1.0
33_1_17,0.98890346,1.0
33_1_18,0.21212979,0.0
33_1_19,0.54974043,1.0
33_1_2,0.19069982,0.0
33_1_21,0.40228817,0.0
33_1_23,0.7668783,1.0
33_1_24,0.81100714,1.0
33_1_25,0.17373376,0.0
33_1_26,0.5654351,1.0
33_1_27,0.34593236,0.0
33_1_28,0.80112267,1.0
33_1_29,0.2537342,0.0
33_1_30,0.6377683,1.0
33_1_31,0.8756674,1.0
33_1_32,0.949466,1.0
33_1_33,0.96848583,1.0
33_1_4,0.24185957,0.0
33_1_7,0.44554254,0.0
33_1_8,0.3813082,0.0
33_2_1,0.9689006,1.0
33_2_10,0.12696497,0.0
33_2_11,0.3417069,0.0
33_2_12,0.24193297,0.0
33_2_13,0.5579428,0.0
33_2_14,0.39490393,0.0
33_2_16,0.7952374,1.0
33_2_17,0.12548395,0.0
33_2_18,0.71649504,1.0
33_2_19,0.6117187,1.0
33_2_2,0.99381423,1.0
33_2_20,0.8446915,1.0
33_2_21,0.9234704,1.0
33_2_22,0.9848984,1.0
33_2_23,0.9941011,1.0
33_2_24,0.17456566,0.0
33_2_25,0.36784157,0.0
33_2_26,0.5413387,0.0
33_2_27,0.34336627,0.0
33_2_29,0.4530209,1.0
33_2_3,0.99469393,1.0
33_2_30,0.64238197,1.0
33_2_31,0.8499141,1.0
33_2_32,0.11700052,0.0
33_2_33,0.23465557,0.0
33_2_34,0.6741385,1.0
33_2_35,0.20485902,0.0
33_2_36,0.5068362,1.0
33_2_37,0.22515401,0.0
33_2_38,0.24030271,0.0
33_2_39,0.20102343,0.0
33_2_4,0.37431604,0.0
33_2_6,0.23157065,0.0
33_2_7,0.8177631,1.0
33_2_8,0.28178176,0.0
33_2_9,0.7674345,1.0
33_3_1,0.316293,0.0
33_3_10,0.3826032,0.0
33_3_11,0.6253361,1.0
33_3_12,0.28347608,0.0
33_3_13,0.7655025,1.0
33_3_15,0.17492303,0.0
33_3_16,0.4073151,1.0
33_3_18,0.17478243,0.0
33_3_19,0.18826026,0.0
33_3_20,0.20228651,0.0
33_3_21,0.70643276,1.0
33_3_22,0.6116903,1.0
33_3_23,0.14961763,0.0
33_3_24,0.62970245,1.0
33_3_25,0.31309295,0.0
33_3_26,0.4061502,1.0
33_3_27,0.8081144,1.0
33_3_3,0.106487736,0.0
33_3_30,0.468483,0.0
33_3_31,0.80032676,1.0
33_3_32,0.21248923,0.0
33_3_33,0.17691885,0.0
33_3_35,0.35771134,0.0
33_3_37,0.7113076,1.0
33_3_38,0.63034314,1.0
33_3_4,0.6047669,0.0
33_3_40,0.38825148,0.0
33_3_6,0.16574359,0.0
33_3_7,0.2513717,0.0
33_3_8,0.10326187,0.0
33_3_9,0.42795125,1.0
34_1_1,0.41238144,0.0
34_1_10,0.29140484,0.0
34_1_11,0.29193753,0.0
34_1_12,0.78982437,1.0
34_1_13,0.7141943,1.0
34_1_14,0.22847953,0.0
34_1_15,0.7988137,1.0
34_1_17,0.6222827,0.0
34_1_18,0.38132408,0.0
34_1_19,0.17336161,0.0
34_1_2,0.6490636,1.0
34_1_20,0.40990207,0.0
34_1_21,0.5071404,1.0
34_1_23,0.9248205,1.0
34_1_24,0.9831814,1.0
34_1_25,0.5852929,0.0
34_1_26,0.23951498,0.0
34_1_28,0.75853413,1.0
34_1_3,0.8558694,1.0
34_1_30,0.7340347,1.0
34_1_31,0.8010022,1.0
34_1_32,0.39912176,0.0
34_1_34,0.13640164,0.0
34_1_35,0.18920067,0.0
34_1_36,0.3091053,0.0
34_1_37,0.17698325,0.0
34_1_38,0.12047726,0.0
34_1_4,0.7475993,1.0
34_1_5,0.8647608,1.0
34_1_6,0.9807571,1.0
34_1_7,0.9954651,1.0
34_1_8,0.35080725,0.0
34_2_1,0.5277387,1.0
34_2_12,0.10321834,0.0
34_2_13,0.4468189,1.0
34_2_14,0.1293561,0.0
34_2_15,0.10938434,0.0
34_2_16,0.23718484,1.0
34_2_17,0.23030062,0.0
34_2_18,0.7218193,1.0
34_2_2,0.17804568,0.0
34_2_22,0.34378082,1.0
34_2_23,0.55822384,1.0
34_2_24,0.3374318,0.0
34_2_25,0.54301304,1.0
34_2_26,0.7482662,1.0
34_2_27,0.1439851,0.0
34_2_28,0.09823213,0.0
34_2_29,0.1413623,0.0
34_2_30,0.23584536,0.0
34_2_33,0.13638048,0.0
34_2_4,0.3047827,0.0
34_2_5,0.12984374,0.0
34_2_8,0.7221587,1.0
34_2_9,0.20330551,0.0
35_1_10,0.41421053,0.0
35_1_11,0.14063345,0.0
35_1_13,0.30595377,0.0
35_1_14,0.2399118,0.0
35_1_15,0.66679955,1.0
35_1_16,0.24489418,0.0
35_1_19,0.6315855,1.0
35_1_2,0.6994466,1.0
35_1_20,0.18483253,0.0
35_1_21,0.33029982,0.0
35_1_22,0.34410346,0.0
35_1_23,0.59068197,1.0
35_1_24,0.44959673,1.0
35_1_25,0.87769043,1.0
35_1_26,0.19351855,0.0
35_1_29,0.90921384,1.0
35_1_3,0.13654244,0.0
35_1_30,0.3013559,0.0
35_1_31,0.4825071,1.0
35_1_32,0.51042545,0.0
35_1_34,0.24354598,0.0
35_1_35,0.7410242,1.0
35_1_36,0.21262698,0.0
35_1_37,0.75001687,1.0
35_1_38,0.25417748,0.0
35_1_39,0.34797552,0.0
35_1_4,0.46453628,1.0
35_1_6,0.2963042,0.0
35_1_7,0.5515988,1.0
35_1_8,0.17063926,0.0
35_1_9,0.61056805,0.0
35_2_10,0.67644703,1.0
35_2_11,0.20329806,0.0
35_2_12,0.19743603,1.0
35_2_13,0.09784183,0.0
35_2_14,0.3927198,1.0
35_2_15,0.10870606,0.0
35_2_16,0.18758045,0.0
35_2_17,0.59617215,1.0
35_2_18,0.06940725,0.0
35_2_2,0.27274716,0.0
35_2_20,0.4779114,1.0
35_2_21,0.6606252,1.0
35_2_25,0.6985948,1.0
35_2_27,0.18870896,0.0
35_2_28,0.57786703,1.0
35_2_29,0.1987208,0.0
35_2_3,0.122944035,0.0
35_2_30,0.28416985,0.0
35_2_31,0.43855783,1.0
35_2_33,0.62356484,1.0
35_2_34,0.26985168,0.0
35_2_35,0.7310399,1.0
35_2_4,0.30305436,0.0
35_2_5,0.3353018,0.0
35_2_6,0.08907072,0.0
35_2_7,0.52485424,0.0
35_2_8,0.32581556,1.0
35_2_9,0.13474129,0.0
36_1_1,0.41077167,0.0
36_1_10,0.69114196,1.0
36_1_11,0.82413954,1.0
36_1_12,0.1446845,0.0
36_1_13,0.2203467,0.0
36_1_14,0.45564413,1.0
36_1_15,0.19879591,0.0
36_1_17,0.5380314,1.0
36_1_18,0.43056157,0.0
36_1_2,0.6457495,1.0
36_1_20,0.55036813,1.0
36_1_21,0.119590476,0.0
36_1_22,0.69661516,1.0
36_1_23,0.8189694,1.0
36_1_24,0.1401775,0.0
36_1_25,0.77891386,1.0
36_1_26,0.82776934,1.0
36_1_27,0.27031907,0.0
36_1_28,0.41719916,0.0
36_1_3,0.17540407,0.0
36_1_30,0.18606985,0.0
36_1_31,0.10225687,0.0
36_1_32,0.13556525,0.0
36_1_33,0.44473088,0.0
36_1_34,0.4815911,0.0
36_1_4,0.31341448,0.0
36_1_5,0.18957338,0.0
36_1_6,0.5981842,1.0
36_1_7,0.7726945,1.0
36_1_8,0.23956424,0.0
36_2_1,0.36899558,0.0
36_2_10,0.59110266,1.0
36_2_11,0.42211577,1.0
36_2_12,0.0755794,0.0
36_2_13,0.1661898,0.0
36_2_14,0.23580144,1.0
36_2_15,0.18001527,0.0
36_2_16,0.14624171,0.0
36_2_17,0.22666025,0.0
36_2_19,0.43565017,1.0
36_2_2,0.20629396,0.0
36_2_20,0.5802941,1.0
36_2_21,0.30969295,0.0
36_2_22,0.83358324,1.0
36_2_24,0.09779687,0.0
36_2_27,0.6249004,1.0
36_2_28,0.16976148,0.0
36_2_29,0.19310588,1.0
36_2_3,0.7462012,1.0
36_2_30,0.1282541,0.0
36_2_4,0.18935944,0.0
36_2_5,0.35892007,0.0
36_2_7,0.19115478,0.0
36_2_8,0.17807843,0.0
36_2_9,0.111069515,0.0
37_1_1,0.68195593,1.0
37_1_10,0.24486418,0.0
37_1_11,0.13759689,0.0
37_1_13,0.38052106,0.0
37_1_14,0.7001942,1.0
37_1_15,0.20372741,0.0
37_1_16,0.8196007,1.0
37_1_18,0.43817556,0.0
37_1_19,0.41883257,0.0
37_1_2,0.5168491,0.0
37_1_22,0.08952148,0.0
37_1_23,0.20936395,0.0
37_1_24,0.3742935,0.0
37_1_27,0.72218436,1.0
37_1_28,0.6155536,0.0
37_1_29,0.63411176,0.0
37_1_3,0.11780785,0.0
37_1_30,0.096764356,0.0
37_1_31,0.17830567,0.0
37_1_32,0.09006192,0.0
37_1_33,0.52268976,1.0
37_1_34,0.15264732,0.0
37_1_35,0.09607028,0.0
37_1_36,0.08952151,0.0
37_1_4,0.1364114,0.0
37_1_5,0.12736037,0.0
37_1_6,0.2109395,0.0
37_1_7,0.12736037,0.0
37_1_8,0.11883596,0.0
37_1_9,0.6528378,1.0
37_2_1,0.76483434,1.0
37_2_10,0.11945421,0.0
37_2_11,0.11080964,0.0
37_2_12,0.10326187,0.0
37_2_14,0.21141335,0.0
37_2_15,0.7180539,1.0
37_2_16,0.19121353,0.0
37_2_17,0.35254368,0.0
37_2_18,0.07857731,0.0
37_2_19,0.1607711,0.0
37_2_2,0.27028233,0.0
37_2_20,0.067872934,0.0
37_2_21,0.06212423,0.0
37_2_22,0.057677567,0.0
37_2_23,0.09061524,0.0
37_2_25,0.05970311,0.0
37_2_27,0.05353102,0.0
37_2_28,0.049666837,0.0
37_2_3,0.7030486,1.0
37_2_4,0.27524808,0.0
37_2_5,0.25979447,0.0
37_2_6,0.8490287,1.0
37_2_7,0.45770836,0.0
37_2_8,0.4381755,0.0
38_1_1,0.78010356,1.0
38_1_10,0.5054574,0.0
38_1_11,0.12911005,0.0
38_1_13,0.23292762,0.0
38_1_15,0.41872054,1.0
38_1_16,0.11772749,0.0
38_1_17,0.28710026,0.0
38_1_18,0.18526503,0.0
38_1_19,0.37362105,0.0
38_1_2,0.45385367,0.0
38_1_20,0.3681141,0.0
38_1_21,0.58324295,1.0
38_1_22,0.081236176,0.0
38_1_23,0.49120387,1.0
38_1_24,0.10285916,0.0
38_1_25,0.754855,1.0
38_1_27,0.6147106,1.0
38_1_28,0.29172114,0.0
38_1_29,0.30737427,0.0
38_1_31,0.07304469,0.0
38_1_32,0.18083762,0.0
38_1_4,0.7919362,1.0
38_1_5,0.38389516,0.0
38_1_6,0.13640103,0.0
38_1_7,0.7747242,1.0
38_1_8,0.1897538,0.0
38_1_9,0.23879123,0.0
38_2_1,0.31121352,0.0
38_2_10,0.75003004,1.0
38_2_11,0.818275,1.0
38_2_12,0.28356776,0.0
38_2_13,0.29626432,0.0
38_2_14,0.47521946,1.0
38_2_15,0.7699541,1.0
38_2_16,0.28522843,0.0
38_2_17,0.16898209,0.0
38_2_18,0.70170355,1.0
38_2_19,0.14336039,0.0
38_2_20,0.8529777,1.0
38_2_22,0.32671404,0.0
38_2_23,0.19234213,0.0
38_2_24,0.7123677,1.0
38_2_27,0.97864836,1.0
38_2_28,0.42243287,0.0
38_2_29,0.8663923,1.0
38_2_3,0.47161746,1.0
38_2_30,0.4167914,0.0
38_2_31,0.9313649,1.0
38_2_32,0.6215053,0.0
38_2_33,0.70625687,1.0
38_2_4,0.91618025,1.0
38_2_5,0.70385164,0.0
38_2_6,0.232239,0.0
38_2_7,0.14597672,0.0
38_2_8,0.27515173,0.0
38_3_1,0.107846834,0.0
38_3_10,0.7763255,1.0
38_3_11,0.77594715,1.0
38_3_14,0.7956918,1.0
38_3_15,0.31495768,0.0
38_3_16,0.7939983,1.0
38_3_17,0.6449337,1.0
38_3_18,0.20459715,0.0
38_3_19,0.22924785,0.0
38_3_20,0.3871502,0.0
38_3_22,0.8208358,1.0
38_3_23,0.2444347,0.0
38_3_24,0.13825585,0.0
38_3_29,0.11236119,0.0
38_3_30,0.54411197,1.0
38_3_32,0.7253136,1.0
38_3_34,0.10326139,0.0
38_3_35,0.16601847,0.0
38_3_36,0.34783974,1.0
38_3_37,0.8196311,1.0
38_3_38,0.8477988,1.0
38_3_39,0.9124334,1.0
38_3_4,0.5058217,0.0
38_3_40,0.97838926,1.0
38_3_41,0.21226221,0.0
38_3_42,0.5410075,0.0
38_3_5,0.12911005,0.0
38_3_6,0.24975164,0.0
38_3_7,0.12911005,0.0
38_3_9,0.109660774,0.0
39_1_1,0.8302697,1.0
39_1_10,0.48584187,1.0
39_1_11,0.49707666,0.0
39_1_13,0.7610016,1.0
39_1_14,0.27524808,0.0
39_1_15,0.79542345,1.0
39_1_16,0.21195197,0.0
39_1_19,0.12737033,0.0
39_1_2,0.15481232,0.0
39_1_20,0.11883594,0.0
39_1_21,0.36537322,0.0
39_1_22,0.10326187,0.0
39_1_23,0.18819372,0.0
39_1_25,0.096166745,0.0
39_1_27,0.20372945,0.0
39_1_28,0.643023,1.0
39_1_29,0.111991644,0.0
39_1_3,0.20623454,0.0
39_1_31,0.45964155,1.0
39_1_33,0.097541735,0.0
39_1_34,0.07838015,0.0
39_1_4,0.66928506,1.0
39_1_7,0.7851833,1.0
39_1_8,0.119264856,0.0
39_1_9,0.65516704,1.0
39_2_10,0.49443525,0.0
39_2_11,0.5473706,1.0
39_2_13,0.7763433,1.0
39_2_14,0.96993154,1.0
39_2_15,0.20815805,0.0
39_2_16,0.1581768,0.0
39_2_17,0.24081175,0.0
39_2_18,0.13636646,0.0
39_2_19,0.31786537,0.0
39_2_2,0.8156549,1.0
39_2_20,0.11883097,0.0
39_2_21,0.3802972,0.0
39_2_22,0.5120859,1.0
39_2_23,0.17173436,0.0
39_2_24,0.1188448,0.0
39_2_26,0.7185968,1.0
39_2_27,0.8625696,1.0
39_2_28,0.19189182,0.0
39_2_29,0.12734677,0.0
39_2_3,0.53651047,0.0
39_2_30,0.24975164,0.0
39_2_31,0.12911005,0.0
39_2_33,0.12911005,0.0
39_2_34,0.13221277,0.0
39_2_36,0.11883539,0.0
39_2_38,0.74676776,1.0
39_2_39,0.110805854,0.0
39_2_4,0.55611706,0.0
39_2_6,0.41408515,0.0
39_2_7,0.16898209,0.0
39_2_9,0.6550143,0.0
3_1_1,0.43816942,1.0
3_1_10,0.14451101,0.0
3_1_11,0.45174858,0.0
3_1_12,0.17510279,0.0
3_1_13,0.3099372,0.0
3_1_14,0.440781,1.0
3_1_15,0.79209524,1.0
3_1_16,0.14339171,0.0
3_1_18,0.45152175,0.0
3_1_19,0.68605137,1.0
3_1_2,0.8196654,1.0
3_1_21,0.8373399,1.0
3_1_23,0.23688124,0.0
3_1_24,0.66369456,1.0
3_1_28,0.20579362,0.0
3_1_29,0.632495,1.0
3_1_32,0.7208767,1.0
3_1_33,0.1637466,0.0
3_1_34,0.16851117,0.0
3_1_4,0.97161204,1.0
3_1_5,0.30772913,0.0
3_1_6,0.34923327,0.0
3_1_7,0.5743099,0.0
3_1_9,0.75930375,1.0
3_2_10,0.9120385,1.0
3_2_12,0.9909434,1.0
3_2_14,0.9961771,1.0
3_2_15,0.575926,0.0
3_2_16,0.250142,0.0
3_2_17,0.8061577,1.0
3_2_18,0.65999603,1.0
3_2_19,0.9236595,1.0
3_2_2,0.6818664,1.0
3_2_21,0.59428906,0.0
3_2_22,0.8603281,1.0
3_2_23,0.6687382,1.0
3_2_24,0.9677797,1.0
3_2_25,0.96922517,1.0
3_2_27,0.49311268,0.0
3_2_29,0.62064326,0.0
3_2_3,0.70871484,1.0
3_2_30,0.9037802,1.0
3_2_4,0.20959504,0.0
3_2_6,0.7029747,1.0
3_2_7,0.15561481,0.0
3_2_8,0.76651734,1.0
3_3_10,0.6739918,1.0
3_3_11,0.32856622,0.0
3_3_12,0.33824798,0.0
3_3_13,0.69162,1.0
3_3_14,0.07671033,0.0
3_3_15,0.39325735,1.0
3_3_17,0.5353213,1.0
3_3_18,0.22774425,0.0
3_3_19,0.20521131,0.0
3_3_2,0.6395997,1.0
3_3_20,0.32555866,0.0
3_3_21,0.69344866,1.0
3_3_22,0.19064078,0.0
3_3_23,0.49301425,1.0
3_3_24,0.104417324,0.0
3_3_28,0.20292658,0.0
3_3_29,0.7043982,1.0
3_3_3,0.12499182,0.0
3_3_30,0.14998013,0.0
3_3_31,0.4719793,1.0
3_3_32,0.64817846,1.0
3_3_6,0.3186113,0.0
3_3_7,0.68130875,1.0
3_3_9,0.20961082,0.0
40_1_1,0.23958986,0.0
40_1_10,0.7542014,1.0
40_1_11,0.6917819,1.0
40_1_12,0.23839472,0.0
40_1_13,0.45677486,1.0
40_1_14,0.27527156,0.0
40_1_15,0.71461254,1.0
40_1_17,0.37446707,0.0
40_1_18,0.71407545,1.0
40_1_19,0.44651878,0.0
40_1_20,0.38102975,0.0
40_1_21,0.60897976,1.0
40_1_23,0.3406112,0.0
40_1_24,0.47513473,1.0
40_1_25,0.19463918,0.0
40_1_26,0.56137407,0.0
40_1_27,0.638082,1.0
40_1_28,0.4940607,1.0
40_1_29,0.9003046,1.0
40_1_3,0.8092796,1.0
40_1_32,0.34906688,0.0
40_1_35,0.67133,1.0
40_1_36,0.6350049,1.0
40_1_37,0.4969153,0.0
40_1_38,0.39574984,0.0
40_1_39,0.17829047,0.0
40_1_4,0.8184944,1.0
40_1_40,0.11883594,0.0
40_1_5,0.9141203,1.0
40_1_6,0.23028588,0.0
40_1_7,0.41899627,0.0
40_1_9,0.2010838,0.0
40_2_1,0.21660317,0.0
40_2_10,0.84462357,1.0
40_2_11,0.20781173,0.0
40_2_12,0.24114126,0.0
40_2_14,0.49601513,1.0
40_2_15,0.2119384,0.0
40_2_16,0.32336155,0.0
40_2_17,0.183008,0.0
40_2_18,0.3672163,0.0
40_2_2,0.19392571,0.0
40_2_20,0.24486078,0.0
40_2_21,0.80311334,1.0
40_2_22,0.8106646,1.0
40_2_24,0.98724955,1.0
40_2_27,0.6090212,1.0
40_2_28,0.20779179,0.0
40_2_29,0.79054415,1.0
40_2_3,0.3513758,1.0
40_2_30,0.599283,1.0
40_2_31,0.83851624,1.0
40_2_32,0.9751721,1.0
40_2_33,0.98924327,1.0
40_2_34,0.99340546,1.0
40_2_4,0.47943395,1.0
40_2_5,0.9023391,1.0
40_2_6,0.3429466,0.0
40_2_7,0.3655767,1.0
40_2_8,0.15826161,0.0
40_2_9,0.44144273,1.0
40_3_1,0.99414283,1.0
40_3_10,0.70181304,1.0
40_3_11,0.24044548,0.0
40_3_13,0.47753537,1.0
40_3_14,0.8922064,1.0
40_3_16,0.19794244,0.0
40_3_19,0.37319258,0.0
40_3_2,0.9951997,1.0
40_3_20,0.37462497,0.0
40_3_21,0.43312827,0.0
40_3_22,0.27138075,0.0
40_3_23,0.7071163,1.0
40_3_24,0.15863727,0.0
40_3_26,0.22304727,0.0
40_3_27,0.30736047,0.0
40_3_28,0.117636815,0.0
40_3_29,0.09982275,0.0
40_3_30,0.5112094,0.0
40_3_31,0.09272283,0.0
40_3_32,0.1683072,0.0
40_3_33,0.66048366,1.0
40_3_4,0.18212374,0.0
40_3_6,0.6606977,1.0
40_3_7,0.80972964,1.0
40_3_8,0.4482522,0.0
41_1_1,0.2800955,0.0
41_1_11,0.2131088,0.0
41_1_12,0.13977881,0.0
41_1_13,0.545605,1.0
41_1_14,0.0998191,0.0
41_1_15,0.4014813,1.0
41_1_17,0.19877495,0.0
41_1_18,0.6140301,1.0
41_1_19,0.3741561,1.0
41_1_2,0.31328642,0.0
41_1_21,0.26859206,0.0
41_1_22,0.12500852,0.0
41_1_23,0.18181042,1.0
41_1_24,0.06424796,0.0
41_1_25,0.57291484,1.0
41_1_26,0.51756316,1.0
41_1_27,0.07312685,0.0
41_1_29,0.2217652,0.0
41_1_3,0.46954146,1.0
41_1_30,0.5925868,1.0
41_1_4,0.11883596,0.0
41_1_7,0.10531275,0.0
41_2_1,0.19735004,0.0
41_2_10,0.076083645,0.0
41_2_11,0.71168905,1.0
41_2_14,0.06758596,0.0
41_2_15,0.563415,1.0
41_2_16,0.68342304,1.0
41_2_17,0.8910045,1.0
41_2_18,0.12639606,0.0
41_2_19,0.40389287,0.0
41_2_20,0.27138335,0.0
41_2_21,0.18470085,0.0
41_2_22,0.43234748,0.0
41_2_23,0.3810541,0.0
41_2_24,0.33685437,1.0
41_2_25,0.18898286,0.0
41_2_26,0.14416708,0.0
41_2_28,0.1751821,0.0
41_2_3,0.37673244,0.0
41_2_5,0.18765555,0.0
41_2_6,0.17738067,0.0
41_2_7,0.1458242,0.0
41_2_8,0.119321026,0.0
41_2_9,0.63993245,1.0
42_1_10,0.53288484,1.0
42_1_11,0.5623155,1.0
42_1_12,0.8025194,1.0
42_1_14,0.15855232,0.0
42_1_17,0.4062252,0.0
42_1_18,0.46934265,0.0
42_1_19,0.1273551,0.0
42_1_2,0.630041,1.0
42_1_20,0.3093192,0.0
42_1_21,0.27219653,0.0
42_1_22,0.33878824,0.0
42_1_25,0.17990522,0.0
42_1_26,0.08949714,0.0
42_1_27,0.23404996,0.0
42_1_29,0.19068529,0.0
42_1_30,0.5619418,1.0
42_1_31,0.08747814,0.0
42_1_32,0.52191997,1.0
42_1_34,0.40046144,1.0
42_1_35,0.2710158,0.0
42_1_5,0.50433826,1.0
42_1_6,0.27524808,0.0
42_1_7,0.17432556,0.0
42_1_8,0.37743807,0.0
42_1_9,0.2917362,0.0
42_2_1,0.2580487,0.0
42_2_10,0.14400135,0.0
42_2_11,0.2641993,0.0
42_2_12,0.16253524,0.0
42_2_13,0.11982611,0.0
42_2_14,0.331505,0.0
42_2_15,0.11126249,0.0
42_2_16,0.44144523,1.0
42_2_17,0.5559183,1.0
42_2_18,0.12378053,0.0
42_2_19,0.26215595,0.0
42_2_2,0.2835087,0.0
42_2_20,0.565231,1.0
42_2_21,0.102613576,0.0
42_2_22,0.098586746,0.0
42_2_23,0.238477,0.0
42_2_24,0.20070936,0.0
42_2_3,0.25420034,0.0
42_2_4,0.14483243,0.0
42_2_5,0.26863694,0.0
42_2_6,0.6526962,1.0
42_2_7,0.120026365,0.0
42_2_8,0.39812613,1.0
42_2_9,0.17337994,0.0
43_1_1,0.32530445,0.0
43_1_11,0.08328797,0.0
43_1_12,0.6185545,1.0
43_1_15,0.18907598,0.0
43_1_16,0.38094592,1.0
43_1_17,0.6565148,1.0
43_1_19,0.36576456,1.0
43_1_2,0.31128863,0.0
43_1_20,0.124807775,0.0
43_1_21,0.72628635,1.0
43_1_22,0.592877,1.0
43_1_25,0.12795144,0.0
43_1_26,0.5180976,1.0
43_1_28,0.089021824,0.0
43_1_29,0.1657275,0.0
43_1_3,0.16223967,0.0
43_1_30,0.3837537,1.0
43_1_31,0.6738211,1.0
43_1_32,0.83085304,1.0
43_1_33,0.8843751,1.0
43_1_34,0.89377165,1.0
43_1_35,0.96968085,1.0
43_1_36,0.10705774,0.0
43_1_37,0.19376738,0.0
43_1_4,0.306673,0.0
43_1_5,0.35112208,0.0
43_1_6,0.68289036,1.0
43_1_7,0.12656437,0.0
43_1_8,0.22936217,0.0
43_2_10,0.41374546,0.0
43_2_11,0.09607028,0.0
43_2_12,0.2667412,1.0
43_2_13,0.16433102,0.0
43_2_14,0.1724099,0.0
43_2_15,0.23256995,0.0
43_2_16,0.32995296,1.0
43_2_17,0.098718144,0.0
43_2_18,0.5343762,1.0
43_2_19,0.13100381,0.0
43_2_20,0.13044438,0.0
43_2_21,0.25191203,1.0
43_2_22,0.60671055,1.0
43_2_23,0.86295754,1.0
43_2_24,0.8477948,1.0
43_2_25,0.17556834,0.0
43_2_26,0.19715045,0.0
43_2_27,0.47095478,1.0
43_2_29,0.49495155,1.0
43_2_3,0.25508425,0.0
43_2_30,0.13601252,0.0
43_2_31,0.20682772,0.0
43_2_32,0.640307,1.0
43_2_33,0.35142902,1.0
43_2_34,0.25993392,0.0
43_2_35,0.4270734,1.0
43_2_36,0.2305065,0.0
43_2_4,0.420881,0.0
43_2_5,0.12736037,0.0
43_2_6,0.5912252,0.0
43_2_7,0.15849024,0.0
43_2_8,0.7675104,1.0
43_2_9,0.112297416,0.0
44_1_1,0.4354283,1.0
44_1_10,0.18889554,0.0
44_1_11,0.3157849,0.0
44_1_13,0.09710346,0.0
44_1_14,0.5588746,1.0
44_1_15,0.48261136,1.0
44_1_16,0.65076226,1.0
44_1_17,0.13174494,0.0
44_1_19,0.8574991,1.0
44_1_20,0.1390988,0.0
44_1_21,0.75376034,1.0
44_1_23,0.37803468,0.0
44_1_24,0.3458892,1.0
44_1_25,0.402433,0.0
44_1_26,0.15163177,0.0
44_1_3,0.3567182,0.0
44_1_30,0.086747594,0.0
44_1_32,0.24961896,0.0
44_1_33,0.26908916,0.0
44_1_34,0.4422092,0.0
44_1_35,0.36483485,0.0
44_1_4,0.26549166,0.0
44_1_5,0.29907775,0.0
44_1_7,0.30969217,0.0
44_1_8,0.6772185,1.0
44_1_9,0.78690463,1.0
44_2_1,0.536552,1.0
44_2_10,0.18487684,0.0
44_2_11,0.28977448,0.0
44_2_14,0.5557865,1.0
44_2_15,0.79870343,1.0
44_2_16,0.12566824,0.0
44_2_17,0.61186117,1.0
44_2_18,0.1644041,0.0
44_2_19,0.6580991,1.0
44_2_2,0.82838595,1.0
44_2_21,0.12608431,0.0
44_2_23,0.1774203,0.0
44_2_25,0.21286578,0.0
44_2_26,0.5104199,1.0
44_2_27,0.22282583,0.0
44_2_3,0.76321256,1.0
44_2_31,0.7061679,1.0
44_2_32,0.17930755,0.0
44_2_35,0.099372335,0.0
44_2_4,0.29743063,0.0
44_2_5,0.2135784,0.0
44_2_6,0.50805867,0.0
44_2_7,0.3847523,0.0
44_2_8,0.49149576,1.0
44_2_9,0.15629381,0.0
4_1_13,0.5632131,1.0
4_1_14,0.70903426,1.0
4_1_15,0.09094484,0.0
4_1_16,0.3064045,0.0
4_1_18,0.6520279,1.0
4_1_19,0.12880746,0.0
4_1_2,0.17950743,0.0
4_1_21,0.51800567,1.0
4_1_22,0.14971639,0.0
4_1_23,0.56961715,1.0
4_1_25,0.17912744,0.0
4_1_26,0.65671825,1.0
4_1_27,0.20770371,0.0
4_1_29,0.14888068,0.0
4_1_3,0.30993485,0.0
4_1_30,0.093242444,0.0
4_1_31,0.62217003,1.0
4_1_34,0.09823924,0.0
4_1_4,0.18849605,0.0
4_1_6,0.5405687,1.0
4_1_7,0.6538621,1.0
4_1_9,0.41458485,0.0
4_2_1,0.20253062,0.0
4_2_10,0.88216496,1.0
4_2_12,0.3302642,0.0
4_2_13,0.27607116,1.0
4_2_14,0.58506304,1.0
4_2_17,0.7005486,1.0
4_2_2,0.14218862,0.0
4_2_20,0.71053433,1.0
4_2_21,0.48614517,0.0
4_2_22,0.74022377,1.0
4_2_23,0.25159883,0.0
4_2_24,0.6590669,1.0
4_2_26,0.14386483,0.0
4_2_27,0.6512115,1.0
4_2_28,0.1416894,0.0
4_2_30,0.12773815,0.0
4_2_31,0.699608,1.0
4_2_32,0.2861248,0.0
4_2_33,0.5827554,1.0
4_2_36,0.4314354,0.0
4_2_37,0.43828645,0.0
4_2_38,0.72290844,1.0
4_2_39,0.65154415,1.0
4_2_4,0.12339368,0.0
4_2_40,0.9017828,1.0
4_2_5,0.3263661,0.0
4_2_6,0.17385438,0.0
4_2_7,0.41631752,1.0
4_2_8,0.55807203,1.0
4_3_10,0.88558227,1.0
4_3_13,0.7404173,1.0
4_3_14,0.7903307,1.0
4_3_15,0.88733965,1.0
4_3_16,0.25671664,0.0
4_3_17,0.37398627,1.0
4_3_18,0.4574962,0.0
4_3_19,0.7296327,1.0
4_3_20,0.21346368,0.0
4_3_21,0.28635627,0.0
4_3_22,0.631763,1.0
4_3_23,0.7964627,1.0
4_3_24,0.5347302,0.0
4_3_25,0.25870308,0.0
4_3_27,0.19177982,0.0
4_3_28,0.5077803,1.0
4_3_29,0.6570996,1.0
4_3_3,0.14451957,0.0
4_3_30,0.21252911,0.0
4_3_32,0.6837431,1.0
4_3_33,0.29036397,0.0
4_3_35,0.4206562,0.0
4_3_36,0.47694284,1.0
4_3_37,0.17099604,0.0
4_3_39,0.83838516,1.0
4_3_40,0.290384,0.0
4_3_41,0.21363454,0.0
4_3_42,0.4912717,0.0
4_3_6,0.118061185,0.0
4_3_7,0.119255945,0.0
4_3_8,0.6182236,1.0
4_3_9,0.50395775,1.0
5_1_1,0.18949565,0.0
5_1_11,0.095898844,0.0
5_1_12,0.6212228,1.0
5_1_13,0.53737044,1.0
5_1_14,0.13254815,0.0
5_1_15,0.6376944,1.0
5_1_16,0.82564765,1.0
5_1_17,0.12921748,0.0
5_1_18,0.2474549,0.0
5_1_19,0.40840295,0.0
5_1_2,0.47852084,0.0
5_1_20,0.2969112,0.0
5_1_21,0.5731018,0.0
5_1_22,0.3998371,0.0
5_1_23,0.6559536,1.0
5_1_24,0.09207946,0.0
5_1_25,0.59496033,1.0
5_1_27,0.9037539,1.0
5_1_28,0.9578117,1.0
5_1_29,0.11584258,0.0
5_1_3,0.61526394,1.0
5_1_30,0.20446384,0.0
5_1_31,0.21749057,0.0
5_1_33,0.3948985,0.0
5_1_34,0.1589063,0.0
5_1_35,0.30969322,0.0
5_1_36,0.6429401,1.0
5_1_37,0.25715587,0.0
5_1_5,0.5883718,1.0
5_1_7,0.4259293,1.0
5_1_8,0.11883596,0.0
5_1_9,0.9028339,1.0
5_2_1,0.7617646,1.0
5_2_10,0.9662368,1.0
5_2_13,0.9971419,1.0
5_2_14,0.9991947,1.0
5_2_18,0.8344758,1.0
5_2_19,0.9674499,1.0
5_2_2,0.5168366,1.0
5_2_20,0.3164792,0.0
5_2_21,0.7139961,1.0
5_2_22,0.89185005,1.0
5_2_23,0.638377,0.0
5_2_25,0.7492083,1.0
5_2_26,0.9651298,1.0
5_2_4,0.9392787,1.0
5_2_5,0.9855402,1.0
5_2_6,0.4917823,0.0
5_2_7,0.7721519,1.0
5_2_8,0.8979706,1.0
5_3_1,0.15525469,0.0
5_3_10,0.14309244,0.0
5_3_11,0.5531823,0.0
5_3_12,0.47766334,1.0
5_3_15,0.21904755,0.0
5_3_16,0.46398452,1.0
5_3_19,0.11895894,0.0
5_3_2,0.35666615,0.0
5_3_20,0.7234929,1.0
5_3_21,0.1438841,0.0
5_3_22,0.3690575,0.0
5_3_23,0.5437524,0.0
5_3_26,0.5735688,1.0
5_3_27,0.7602791,1.0
5_3_28,0.97145957,1.0
5_3_29,0.9181059,1.0
5_3_3,0.59879285,1.0
5_3_30,0.2466248,0.0
5_3_31,0.5967272,1.0
5_3_33,0.87884784,1.0
5_3_34,0.114632346,0.0
5_3_35,0.5521124,0.0
5_3_37,0.18119122,0.0
5_3_4,0.6087554,1.0
5_3_6,0.4087134,0.0
5_3_9,0.61786777,1.0
6_1_1,0.50888264,0.0
6_1_10,0.60721207,1.0
6_1_11,0.085140005,0.0
6_1_12,0.7605247,1.0
6_1_13,0.5878788,1.0
6_1_14,0.8603333,1.0
6_1_17,0.19915052,0.0
6_1_18,0.15594873,0.0
6_1_19,0.14597116,0.0
6_1_20,0.7688115,1.0
6_1_21,0.7119534,1.0
6_1_24,0.16358712,0.0
6_1_25,0.26129073,0.0
6_1_26,0.15606447,0.0
6_1_28,0.2605739,0.0
6_1_29,0.42132002,0.0
6_1_3,0.18681747,0.0
6_1_30,0.39769393,0.0
6_1_31,0.14597672,0.0
6_1_33,0.53657454,1.0
6_1_34,0.23130025,0.0
6_1_35,0.14793946,0.0
6_1_36,0.69854933,1.0
6_1_37,0.49782652,1.0
6_1_4,0.15507686,0.0
6_1_5,0.11236119,0.0
6_1_6,0.39578897,1.0
6_1_7,0.14537777,0.0
6_1_8,0.6626606,1.0
6_1_9,0.26196635,0.0
6_2_1,0.19199994,0.0
6_2_11,0.2225144,0.0
6_2_12,0.51881564,1.0
6_2_13,0.7712545,1.0
6_2_14,0.18200497,0.0
6_2_15,0.39111158,0.0
6_2_16,0.4120207,1.0
6_2_17,0.081401646,0.0
6_2_18,0.4770259,1.0
6_2_19,0.60608923,1.0
6_2_2,0.18668316,0.0
6_2_20,0.13030587,0.0
6_2_21,0.28674906,0.0
6_2_22,0.48230404,1.0
6_2_23,0.7899474,1.0
6_2_24,0.0999879,0.0
6_2_25,0.7701611,1.0
6_2_27,0.36620063,0.0
6_2_28,0.1047202,0.0
6_2_29,0.40665063,1.0
6_2_3,0.11081842,0.0
6_2_30,0.7544264,1.0
6_2_31,0.30406392,0.0
6_2_32,0.38649303,1.0
6_2_34,0.2621136,0.0
6_2_35,0.3398796,0.0
6_2_36,0.24598476,0.0
6_2_7,0.36173263,0.0
6_2_8,0.42365125,1.0
6_2_9,0.10501077,0.0
6_3_10,0.7613013,1.0
6_3_11,0.10717692,0.0
6_3_13,0.08487713,0.0
6_3_15,0.3769379,0.0
6_3_16,0.29550985,1.0
6_3_18,0.077435136,0.0
6_3_19,0.071991995,0.0
6_3_2,0.62276095,1.0
6_3_21,0.14938754,0.0
6_3_22,0.2785736,0.0
6_3_23,0.07304469,0.0
6_3_25,0.117149174,0.0
6_3_26,0.16217087,1.0
6_3_28,0.16566025,0.0
6_3_29,0.06205564,0.0
6_3_3,0.40495703,0.0
6_3_4,0.11883594,0.0
6_3_5,0.5927193,1.0
6_3_8,0.23983492,0.0
6_3_9,0.097541735,0.0
7_1_1,0.24287239,0.0
7_1_10,0.4620168,1.0
7_1_13,0.8609691,1.0
7_1_14,0.12206896,0.0
7_1_15,0.24193367,0.0
7_1_16,0.42265156,1.0
7_1_18,0.505946,1.0
7_1_19,0.8247623,1.0
7_1_2,0.8137911,1.0
7_1_22,0.13442813,0.0
7_1_24,0.5799178,1.0
7_1_25,0.15541884,0.0
7_1_27,0.21756358,0.0
7_1_28,0.24401411,0.0
7_1_29,0.57766235,1.0
7_1_3,0.34035704,0.0
7_1_30,0.6482023,1.0
7_1_31,0.13995716,0.0
7_1_32,0.2668459,0.0
7_1_34,0.124226026,0.0
7_1_36,0.74444795,1.0
7_1_37,0.29734415,0.0
7_1_4,0.23336844,0.0
7_1_40,0.65455896,1.0
7_1_41,0.119649425,0.0
7_1_5,0.794461,1.0
7_1_7,0.75351036,1.0
7_1_8,0.14630494,0.0
7_1_9,0.28710026,0.0
7_2_1,0.7464218,1.0
7_2_10,0.38296813,0.0
7_2_12,0.5102109,1.0
7_2_13,0.28247538,0.0
7_2_14,0.20111614,0.0
7_2_15,0.16300783,0.0
7_2_16,0.7655453,1.0
7_2_17,0.16779612,0.0
7_2_18,0.346313,0.0
7_2_2,0.21266173,0.0
7_2_20,0.12654902,0.0
7_2_25,0.5448957,1.0
7_2_26,0.632172,1.0
7_2_28,0.14715591,0.0
7_2_29,0.14665376,0.0
7_2_30,0.10229159,0.0
7_2_31,0.3010462,0.0
7_2_4,0.12800162,0.0
7_2_5,0.5848382,1.0
7_2_6,0.31441584,0.0
7_2_7,0.51524967,0.0
7_2_8,0.7358117,1.0
8_1_1,0.12319949,0.0
8_1_10,0.47943944,0.0
8_1_11,0.4609526,1.0
8_1_12,0.6595834,1.0
8_1_13,0.30581614,0.0
8_1_14,0.10326273,0.0
8_1_16,0.09309146,0.0
8_1_18,0.7214865,1.0
8_1_19,0.27784696,0.0
8_1_2,0.6933985,1.0
8_1_20,0.41344455,0.0
8_1_21,0.13363358,0.0
8_1_22,0.46286806,1.0
8_1_24,0.18130846,0.0
8_1_25,0.6445089,1.0
8_1_26,0.6293208,1.0
8_1_27,0.7700791,1.0
8_1_29,0.28773743,0.0
8_1_3,0.30267775,0.0
8_1_31,0.28179687,0.0
8_1_32,0.4671795,1.0
8_1_33,0.1612876,0.0
8_1_4,0.17068721,0.0
8_1_5,0.22245035,0.0
8_1_6,0.5563148,1.0
8_1_7,0.19023915,0.0
8_1_8,0.5216312,1.0
8_1_9,0.09392451,0.0
8_2_1,0.2039001,0.0
8_2_11,0.13994014,0.0
8_2_12,0.6782016,1.0
8_2_13,0.76829934,1.0
8_2_14,0.8608739,1.0
8_2_15,0.18379357,0.0
8_2_17,0.21771519,0.0
8_2_18,0.61697346,1.0
8_2_2,0.23580377,0.0
8_2_20,0.8734061,1.0
8_2_21,0.16192551,0.0
8_2_23,0.86637425,1.0
8_2_24,0.9606701,1.0
8_2_25,0.41827887,0.0
8_2_26,0.56461954,0.0
8_2_27,0.3747034,1.0
8_2_28,0.6131365,1.0
8_2_29,0.81381446,1.0
8_2_3,0.8037007,1.0
8_2_30,0.22608453,0.0
8_2_32,0.260213,0.0
8_2_34,0.25340137,0.0
8_2_35,0.41563013,1.0
8_2_36,0.7833481,1.0
8_2_4,0.70853794,1.0
8_2_5,0.803342,1.0
8_2_6,0.45289358,0.0
8_2_7,0.6971635,1.0
8_2_8,0.1395962,0.0
8_2_9,0.5328363,1.0
8_3_1,0.88340557,1.0
8_3_10,0.35837105,0.0
8_3_11,0.48096517,1.0
8_3_12,0.83204675,1.0
8_3_13,0.8867787,1.0
8_3_14,0.16465265,0.0
8_3_15,0.3291332,0.0
8_3_17,0.23197642,0.0
8_3_18,0.26648384,0.0
8_3_19,0.57096326,1.0
8_3_2,0.9102473,1.0
8_3_20,0.19536054,0.0
8_3_21,0.2684207,0.0
8_3_23,0.25446528,0.0
8_3_24,0.3102978,0.0
8_3_26,0.24139068,0.0
8_3_27,0.2457201,0.0
8_3_28,0.17781964,0.0
8_3_29,0.2478063,0.0
8_3_3,0.20062749,0.0
8_3_30,0.5056493,1.0
8_3_31,0.08634579,0.0
8_3_32,0.33812645,0.0
8_3_33,0.08904274,0.0
8_3_34,0.29451695,0.0
8_3_5,0.48027632,1.0
8_3_6,0.4330864,0.0
8_3_7,0.40012315,0.0
8_3_8,0.59090394,1.0
9_1_1,0.1160938,0.0
9_1_10,0.13459161,0.0
9_1_11,0.1883152,0.0
9_1_12,0.3585007,0.0
9_1_13,0.7174375,1.0
9_1_15,0.19640107,0.0
9_1_17,0.5494012,1.0
9_1_18,0.8337439,1.0
9_1_19,0.936178,1.0
9_1_2,0.40202135,0.0
9_1_20,0.3093252,0.0
9_1_21,0.5068832,0.0
9_1_23,0.5638353,1.0
9_1_24,0.18811734,0.0
9_1_26,0.56399167,1.0
9_1_27,0.31754798,0.0
9_1_28,0.4544097,1.0
9_1_29,0.48303017,0.0
9_1_3,0.43605563,1.0
9_1_30,0.136069,0.0
9_1_32,0.46117115,0.0
9_1_33,0.12734893,0.0
9_1_35,0.083252065,0.0
9_1_4,0.121576145,0.0
9_1_5,0.36688718,0.0
9_1_7,0.48759887,1.0
9_1_8,0.477372,0.0
9_1_9,0.90883183,1.0
9_2_1,0.8057359,1.0
9_2_10,0.19531175,0.0
9_2_12,0.3082653,0.0
9_2_13,0.71665823,1.0
9_2_14,0.71930784,1.0
9_2_15,0.9249172,1.0
9_2_17,0.9784576,1.0
9_2_18,0.979673,1.0
9_2_19,0.9984749,1.0
9_2_2,0.8314995,1.0
9_2_21,0.81337863,1.0
9_2_23,0.3108972,0.0
9_2_24,0.6517655,1.0
9_2_26,0.20491318,0.0
9_2_27,0.6120831,0.0
9_2_28,0.5898294,0.0
9_2_3,0.16761865,0.0
9_2_30,0.23967665,0.0
9_2_31,0.15559843,0.0
9_2_32,0.6319075,1.0
9_2_34,0.15600716,0.0
9_2_35,0.5196752,0.0
9_2_36,0.7618797,1.0
9_2_39,0.43323737,0.0
9_2_4,0.34198222,0.0
9_2_5,0.7558234,1.0
9_2_6,0.38838214,0.0
9_2_7,0.75252575,1.0
9_2_8,0.8718838,1.0
9_2_9,0.1807751,0.0
9_3_1,0.8138965,1.0
9_3_10,0.250014,0.0
9_3_11,0.49882925,1.0
9_3_13,0.49171644,1.0
9_3_14,0.34394014,0.0
9_3_15,0.19904763,0.0
9_3_16,0.12539126,0.0
9_3_17,0.24212615,0.0
9_3_18,0.106690705,0.0
9_3_19,0.12033766,0.0
9_3_20,0.08807206,0.0
9_3_21,0.1722678,0.0
9_3_23,0.14163287,0.0
9_3_24,0.18208842,0.0
9_3_3,0.5966109,0.0
9_3_7,0.73392147,1.0
9_3_8,0.13074236,0.0
9_3_9,0.36712378,1.0
