20250225-230427, 0.7506694793701172, 0.9367088675498962, 0.05802898690933029

#Training
📊 Training set size: 29187, Validation set size: 3648, Test set size: 3649
Epoch 90: saving model to ./model/proposedModal/weights_epoch_90.weights.h5
114/114 ━━━━━━━━━━━━━━━━━━━━ 10s 92ms/step - AUC: 0.8540 - binary_accuracy: 0.9292 - loss: 0.2053 - val_AUC: 0.7946 - val_binary_accuracy: 0.9214 - val_loss: 0.2835
Epoch 91/100
114/114 ━━━━━━━━━━━━━━━━━━━━ 0s 77ms/step - AUC: 0.8777 - binary_accuracy: 0.9313 - loss: 0.1968  
Epoch 91: saving model to ./model/proposedModal/weights_epoch_91.weights.h5
114/114 ━━━━━━━━━━━━━━━━━━━━ 10s 89ms/step - AUC: 0.8776 - binary_accuracy: 0.9313 - loss: 0.1968 - val_AUC: 0.7926 - val_binary_accuracy: 0.9219 - val_loss: 0.2620
Epoch 92/100
114/114 ━━━━━━━━━━━━━━━━━━━━ 0s 75ms/step - AUC: 0.8504 - binary_accuracy: 0.9333 - loss: 0.2036  
Epoch 92: saving model to ./model/proposedModal/weights_epoch_92.weights.h5
114/114 ━━━━━━━━━━━━━━━━━━━━ 10s 88ms/step - AUC: 0.8505 - binary_accuracy: 0.9333 - loss: 0.2036 - val_AUC: 0.7988 - val_binary_accuracy: 0.9214 - val_loss: 0.2820
Epoch 93/100
114/114 ━━━━━━━━━━━━━━━━━━━━ 0s 76ms/step - AUC: 0.8520 - binary_accuracy: 0.9390 - loss: 0.1916  
Epoch 93: saving model to ./model/proposedModal/weights_epoch_93.weights.h5
114/114 ━━━━━━━━━━━━━━━━━━━━ 10s 89ms/step - AUC: 0.8521 - binary_accuracy: 0.9389 - loss: 0.1917 - val_AUC: 0.7950 - val_binary_accuracy: 0.9175 - val_loss: 0.2906
Epoch 94/100
114/114 ━━━━━━━━━━━━━━━━━━━━ 0s 75ms/step - AUC: 0.8645 - binary_accuracy: 0.9398 - loss: 0.1860  
Epoch 94: saving model to ./model/proposedModal/weights_epoch_94.weights.h5
114/114 ━━━━━━━━━━━━━━━━━━━━ 10s 89ms/step - AUC: 0.8645 - binary_accuracy: 0.9397 - loss: 0.1861 - val_AUC: 0.7938 - val_binary_accuracy: 0.8882 - val_loss: 0.3374
Epoch 95/100
114/114 ━━━━━━━━━━━━━━━━━━━━ 0s 90ms/step - AUC: 0.8641 - binary_accuracy: 0.9338 - loss: 0.1984  
Epoch 95: saving model to ./model/proposedModal/weights_epoch_95.weights.h5
114/114 ━━━━━━━━━━━━━━━━━━━━ 12s 102ms/step - AUC: 0.8641 - binary_accuracy: 0.9338 - loss: 0.1984 - val_AUC: 0.7926 - val_binary_accuracy: 0.9214 - val_loss: 0.2655
Epoch 96/100
114/114 ━━━━━━━━━━━━━━━━━━━━ 0s 78ms/step - AUC: 0.8638 - binary_accuracy: 0.9390 - loss: 0.1880 
Epoch 96: saving model to ./model/proposedModal/weights_epoch_96.weights.h5
114/114 ━━━━━━━━━━━━━━━━━━━━ 10s 90ms/step - AUC: 0.8637 - binary_accuracy: 0.9390 - loss: 0.1881 - val_AUC: 0.7976 - val_binary_accuracy: 0.9023 - val_loss: 0.3133
Epoch 97/100
114/114 ━━━━━━━━━━━━━━━━━━━━ 0s 81ms/step - AUC: 0.8759 - binary_accuracy: 0.9296 - loss: 0.1958  
Epoch 97: saving model to ./model/proposedModal/weights_epoch_97.weights.h5
114/114 ━━━━━━━━━━━━━━━━━━━━ 11s 94ms/step - AUC: 0.8756 - binary_accuracy: 0.9296 - loss: 0.1959 - val_AUC: 0.7926 - val_binary_accuracy: 0.9297 - val_loss: 0.2450
Epoch 98/100
114/114 ━━━━━━━━━━━━━━━━━━━━ 0s 80ms/step - AUC: 0.8670 - binary_accuracy: 0.9276 - loss: 0.2076  
Epoch 98: saving model to ./model/proposedModal/weights_epoch_98.weights.h5
114/114 ━━━━━━━━━━━━━━━━━━━━ 11s 93ms/step - AUC: 0.8669 - binary_accuracy: 0.9277 - loss: 0.2075 - val_AUC: 0.7989 - val_binary_accuracy: 0.9326 - val_loss: 0.2324
Epoch 99/100
114/114 ━━━━━━━━━━━━━━━━━━━━ 0s 80ms/step - AUC: 0.8818 - binary_accuracy: 0.9391 - loss: 0.1806  
Epoch 99: saving model to ./model/proposedModal/weights_epoch_99.weights.h5
114/114 ━━━━━━━━━━━━━━━━━━━━ 11s 92ms/step - AUC: 0.8816 - binary_accuracy: 0.9391 - loss: 0.1808 - val_AUC: 0.7977 - val_binary_accuracy: 0.9219 - val_loss: 0.2764
Epoch 100/100
114/114 ━━━━━━━━━━━━━━━━━━━━ 0s 81ms/step - AUC: 0.8402 - binary_accuracy: 0.9337 - loss: 0.2005  
Epoch 100: saving model to ./model/proposedModal/weights_epoch_100.weights.h5
114/114 ━━━━━━━━━━━━━━━━━━━━ 11s 93ms/step - AUC: 0.8404 - binary_accuracy: 0.9337 - loss: 0.2005 - val_AUC: 0.7991 - val_binary_accuracy: 0.9219 - val_loss: 0.2704



# Test
❯ python modal_evaluate.py
📊 Training set size: 29187, Validation set size: 3648, Test set size: 3649
2025-02-25 23:04:29.322732: I metal_plugin/src/device/metal_device.cc:1154] Metal device set to: Apple M1
2025-02-25 23:04:29.322765: I metal_plugin/src/device/metal_device.cc:296] systemMemory: 16.00 GB
2025-02-25 23:04:29.322772: I metal_plugin/src/device/metal_device.cc:313] maxCacheSize: 5.33 GB
2025-02-25 23:04:29.322788: I tensorflow/core/common_runtime/pluggable_device/pluggable_device_factory.cc:305] Could not identify NUMA node of platform GPU ID 0, defaulting to 0. Your kernel may not have been built with NUMA support.
2025-02-25 23:04:29.322800: I tensorflow/core/common_runtime/pluggable_device/pluggable_device_factory.cc:271] Created TensorFlow device (/job:localhost/replica:0/task:0/device:GPU:0 with 0 MB memory) -> physical PluggableDevice (device: 0, name: METAL, pci bus id: <undefined>)
/Users/yenhsin/miniforge3/envs/tf_m1/lib/python3.9/site-packages/keras/src/saving/saving_lib.py:757: UserWarning: Skipping variable loading for optimizer 'adam', because it has 2 variables whereas the saved optimizer has 54 variables. 
  saveable.load_own_variables(weights_store.get(inner_path))
✅ Model weights loaded successfully: ./model/proposedModal/20250225-175135/final_model.weights.h5
2025-02-25 23:04:29.852644: I tensorflow/core/grappler/optimizers/custom_graph_optimizer_registry.cc:117] Plugin optimizer for device_type GPU is enabled.
65/65 ━━━━━━━━━━━━━━━━━━━━ 3s 29ms/step - AUC: 0.7672 - binary_accuracy: 0.9279 - loss: 0.2465  
65/65 ━━━━━━━━━━━━━━━━━━━━ 2s 19ms/step  
✅ Testing completed!AUC: 0.7506694793701172, Accuracy: 0.9367088675498962, Brier Score: 0.05802898690933029