0.38231447,0.42936963,0.28760716,0.4184432,0.045123935,0.64742327,0.25579822,0.34472236,0.41858545,0.26083484,-0.21398605,-0.1908294,0.266745,-0.8804665,-0.27456734,-0.6581651,0.6386922,-0.6470561,0.016666504,0.30213907,-0.22846244,-0.062461928,-0.7336392,-0.33510685,-0.060737863,0.32459122,0.038123205,0.25965318,0.36532757,0.6742199,0.16498132,-0.3051253
0.43978652,-0.030010536,-0.26824352,-0.40177813,0.09725949,0.37851724,0.26494747,0.76816285,0.20485863,-0.6528517,-0.15916212,-0.52775973,0.85856736,-0.41792077,0.44779265,0.08983471,-0.27268153,-0.19739476,-0.12735559,-0.23206589,0.3036292,0.10324462,-0.47919473,-0.30205494,-0.01974303,-0.16197987,-0.8390789,-0.11219876,0.25292933,-0.05438815,0.17997557,-0.33492112
0.03130867,0.043352902,-0.08489782,-0.1953995,0.05168091,0.050697837,0.26002234,0.23227221,0.22501764,-0.039178096,0.03656613,-0.32113555,0.1525389,0.055144522,-0.15044092,0.18432021,-0.6157429,0.21846537,0.046522725,-0.15608442,0.051299427,-0.2373426,-0.22207828,-0.2541499,0.5613617,-0.32614404,-0.104901455,-0.3891644,0.25223354,-0.12542662,0.64403266,0.42916054
-0.01583736,0.0140479235,0.010947903,0.0008946052,0.003757088,-0.00029973255,0.016406551,0.018130101,-0.0094794035,-0.0037973858,0.0018329826,-0.010235011,-0.015154759,0.007386979,0.018997634,0.007448165,0.00015694002,-0.018723289,-0.0018237144,0.00028820348,-0.0045562023,-0.020735385,-0.0070062024,-0.013525896,-0.004687285,0.003182461,-0.017545,-0.019460281,-0.009754676,0.011125533,0.009179794,0.025150761
-0.01583736,0.0140479235,0.010947903,0.0008946052,0.003757088,-0.00029973255,0.016406551,0.018130101,-0.0094794035,-0.0037973858,0.0018329826,-0.010235011,-0.015154759,0.007386979,0.018997634,0.007448165,0.00015694002,-0.018723289,-0.0018237144,0.00028820348,-0.0045562023,-0.020735385,-0.0070062024,-0.013525896,-0.004687285,0.003182461,-0.017545,-0.019460281,-0.009754676,0.011125533,0.009179794,0.025150761
-0.01583736,0.0140479235,0.010947903,0.0008946052,0.003757088,-0.00029973255,0.016406551,0.018130101,-0.0094794035,-0.0037973858,0.0018329826,-0.010235011,-0.015154759,0.007386979,0.018997634,0.007448165,0.00015694002,-0.018723289,-0.0018237144,0.00028820348,-0.0045562023,-0.020735385,-0.0070062024,-0.013525896,-0.004687285,0.003182461,-0.017545,-0.019460281,-0.009754676,0.011125533,0.009179794,0.025150761
-0.01583736,0.0140479235,0.010947903,0.0008946052,0.003757088,-0.00029973255,0.016406551,0.018130101,-0.0094794035,-0.0037973858,0.0018329826,-0.010235011,-0.015154759,0.007386979,0.018997634,0.007448165,0.00015694002,-0.018723289,-0.0018237144,0.00028820348,-0.0045562023,-0.020735385,-0.0070062024,-0.013525896,-0.004687285,0.003182461,-0.017545,-0.019460281,-0.009754676,0.011125533,0.009179794,0.025150761
-0.01583736,0.0140479235,0.010947903,0.0008946052,0.003757088,-0.00029973255,0.016406551,0.018130101,-0.0094794035,-0.0037973858,0.0018329826,-0.010235011,-0.015154759,0.007386979,0.018997634,0.007448165,0.00015694002,-0.018723289,-0.0018237144,0.00028820348,-0.0045562023,-0.020735385,-0.0070062024,-0.013525896,-0.004687285,0.003182461,-0.017545,-0.019460281,-0.009754676,0.011125533,0.009179794,0.025150761
-0.01583736,0.0140479235,0.010947903,0.0008946052,0.003757088,-0.00029973255,0.016406551,0.018130101,-0.0094794035,-0.0037973858,0.0018329826,-0.010235011,-0.015154759,0.007386979,0.018997634,0.007448165,0.00015694002,-0.018723289,-0.0018237144,0.00028820348,-0.0045562023,-0.020735385,-0.0070062024,-0.013525896,-0.004687285,0.003182461,-0.017545,-0.019460281,-0.009754676,0.011125533,0.009179794,0.025150761
-0.01583736,0.0140479235,0.010947903,0.0008946052,0.003757088,-0.00029973255,0.016406551,0.018130101,-0.0094794035,-0.0037973858,0.0018329826,-0.010235011,-0.015154759,0.007386979,0.018997634,0.007448165,0.00015694002,-0.018723289,-0.0018237144,0.00028820348,-0.0045562023,-0.020735385,-0.0070062024,-0.013525896,-0.004687285,0.003182461,-0.017545,-0.019460281,-0.009754676,0.011125533,0.009179794,0.025150761
-0.01583736,0.0140479235,0.010947903,0.0008946052,0.003757088,-0.00029973255,0.016406551,0.018130101,-0.0094794035,-0.0037973858,0.0018329826,-0.010235011,-0.015154759,0.007386979,0.018997634,0.007448165,0.00015694002,-0.018723289,-0.0018237144,0.00028820348,-0.0045562023,-0.020735385,-0.0070062024,-0.013525896,-0.004687285,0.003182461,-0.017545,-0.019460281,-0.009754676,0.011125533,0.009179794,0.025150761
-0.01583736,0.0140479235,0.010947903,0.0008946052,0.003757088,-0.00029973255,0.016406551,0.018130101,-0.0094794035,-0.0037973858,0.0018329826,-0.010235011,-0.015154759,0.007386979,0.018997634,0.007448165,0.00015694002,-0.018723289,-0.0018237144,0.00028820348,-0.0045562023,-0.020735385,-0.0070062024,-0.013525896,-0.004687285,0.003182461,-0.017545,-0.019460281,-0.009754676,0.011125533,0.009179794,0.025150761
-0.01583736,0.0140479235,0.010947903,0.0008946052,0.003757088,-0.00029973255,0.016406551,0.018130101,-0.0094794035,-0.0037973858,0.0018329826,-0.010235011,-0.015154759,0.007386979,0.018997634,0.007448165,0.00015694002,-0.018723289,-0.0018237144,0.00028820348,-0.0045562023,-0.020735385,-0.0070062024,-0.013525896,-0.004687285,0.003182461,-0.017545,-0.019460281,-0.009754676,0.011125533,0.009179794,0.025150761
-0.01583736,0.0140479235,0.010947903,0.0008946052,0.003757088,-0.00029973255,0.016406551,0.018130101,-0.0094794035,-0.0037973858,0.0018329826,-0.010235011,-0.015154759,0.007386979,0.018997634,0.007448165,0.00015694002,-0.018723289,-0.0018237144,0.00028820348,-0.0045562023,-0.020735385,-0.0070062024,-0.013525896,-0.004687285,0.003182461,-0.017545,-0.019460281,-0.009754676,0.011125533,0.009179794,0.025150761
-0.01583736,0.0140479235,0.010947903,0.0008946052,0.003757088,-0.00029973255,0.016406551,0.018130101,-0.0094794035,-0.0037973858,0.0018329826,-0.010235011,-0.015154759,0.007386979,0.018997634,0.007448165,0.00015694002,-0.018723289,-0.0018237144,0.00028820348,-0.0045562023,-0.020735385,-0.0070062024,-0.013525896,-0.004687285,0.003182461,-0.017545,-0.019460281,-0.009754676,0.011125533,0.009179794,0.025150761
-0.01583736,0.0140479235,0.010947903,0.0008946052,0.003757088,-0.00029973255,0.016406551,0.018130101,-0.0094794035,-0.0037973858,0.0018329826,-0.010235011,-0.015154759,0.007386979,0.018997634,0.007448165,0.00015694002,-0.018723289,-0.0018237144,0.00028820348,-0.0045562023,-0.020735385,-0.0070062024,-0.013525896,-0.004687285,0.003182461,-0.017545,-0.019460281,-0.009754676,0.011125533,0.009179794,0.025150761
-0.01583736,0.0140479235,0.010947903,0.0008946052,0.003757088,-0.00029973255,0.016406551,0.018130101,-0.0094794035,-0.0037973858,0.0018329826,-0.010235011,-0.015154759,0.007386979,0.018997634,0.007448165,0.00015694002,-0.018723289,-0.0018237144,0.00028820348,-0.0045562023,-0.020735385,-0.0070062024,-0.013525896,-0.004687285,0.003182461,-0.017545,-0.019460281,-0.009754676,0.011125533,0.009179794,0.025150761
-0.01583736,0.0140479235,0.010947903,0.0008946052,0.003757088,-0.00029973255,0.016406551,0.018130101,-0.0094794035,-0.0037973858,0.0018329826,-0.010235011,-0.015154759,0.007386979,0.018997634,0.007448165,0.00015694002,-0.018723289,-0.0018237144,0.00028820348,-0.0045562023,-0.020735385,-0.0070062024,-0.013525896,-0.004687285,0.003182461,-0.017545,-0.019460281,-0.009754676,0.011125533,0.009179794,0.025150761
-0.01583736,0.0140479235,0.010947903,0.0008946052,0.003757088,-0.00029973255,0.016406551,0.018130101,-0.0094794035,-0.0037973858,0.0018329826,-0.010235011,-0.015154759,0.007386979,0.018997634,0.007448165,0.00015694002,-0.018723289,-0.0018237144,0.00028820348,-0.0045562023,-0.020735385,-0.0070062024,-0.013525896,-0.004687285,0.003182461,-0.017545,-0.019460281,-0.009754676,0.011125533,0.009179794,0.025150761
-0.01583736,0.0140479235,0.010947903,0.0008946052,0.003757088,-0.00029973255,0.016406551,0.018130101,-0.0094794035,-0.0037973858,0.0018329826,-0.010235011,-0.015154759,0.007386979,0.018997634,0.007448165,0.00015694002,-0.018723289,-0.0018237144,0.00028820348,-0.0045562023,-0.020735385,-0.0070062024,-0.013525896,-0.004687285,0.003182461,-0.017545,-0.019460281,-0.009754676,0.011125533,0.009179794,0.025150761
-0.01583736,0.0140479235,0.010947903,0.0008946052,0.003757088,-0.00029973255,0.016406551,0.018130101,-0.0094794035,-0.0037973858,0.0018329826,-0.010235011,-0.015154759,0.007386979,0.018997634,0.007448165,0.00015694002,-0.018723289,-0.0018237144,0.00028820348,-0.0045562023,-0.020735385,-0.0070062024,-0.013525896,-0.004687285,0.003182461,-0.017545,-0.019460281,-0.009754676,0.011125533,0.009179794,0.025150761
-0.01583736,0.0140479235,0.010947903,0.0008946052,0.003757088,-0.00029973255,0.016406551,0.018130101,-0.0094794035,-0.0037973858,0.0018329826,-0.010235011,-0.015154759,0.007386979,0.018997634,0.007448165,0.00015694002,-0.018723289,-0.0018237144,0.00028820348,-0.0045562023,-0.020735385,-0.0070062024,-0.013525896,-0.004687285,0.003182461,-0.017545,-0.019460281,-0.009754676,0.011125533,0.009179794,0.025150761
-0.01583736,0.0140479235,0.010947903,0.0008946052,0.003757088,-0.00029973255,0.016406551,0.018130101,-0.0094794035,-0.0037973858,0.0018329826,-0.010235011,-0.015154759,0.007386979,0.018997634,0.007448165,0.00015694002,-0.018723289,-0.0018237144,0.00028820348,-0.0045562023,-0.020735385,-0.0070062024,-0.013525896,-0.004687285,0.003182461,-0.017545,-0.019460281,-0.009754676,0.011125533,0.009179794,0.025150761
-0.01583736,0.0140479235,0.010947903,0.0008946052,0.003757088,-0.00029973255,0.016406551,0.018130101,-0.0094794035,-0.0037973858,0.0018329826,-0.010235011,-0.015154759,0.007386979,0.018997634,0.007448165,0.00015694002,-0.018723289,-0.0018237144,0.00028820348,-0.0045562023,-0.020735385,-0.0070062024,-0.013525896,-0.004687285,0.003182461,-0.017545,-0.019460281,-0.009754676,0.011125533,0.009179794,0.025150761
-0.01583736,0.0140479235,0.010947903,0.0008946052,0.003757088,-0.00029973255,0.016406551,0.018130101,-0.0094794035,-0.0037973858,0.0018329826,-0.010235011,-0.015154759,0.007386979,0.018997634,0.007448165,0.00015694002,-0.018723289,-0.0018237144,0.00028820348,-0.0045562023,-0.020735385,-0.0070062024,-0.013525896,-0.004687285,0.003182461,-0.017545,-0.019460281,-0.009754676,0.011125533,0.009179794,0.025150761
-0.01583736,0.0140479235,0.010947903,0.0008946052,0.003757088,-0.00029973255,0.016406551,0.018130101,-0.0094794035,-0.0037973858,0.0018329826,-0.010235011,-0.015154759,0.007386979,0.018997634,0.007448165,0.00015694002,-0.018723289,-0.0018237144,0.00028820348,-0.0045562023,-0.020735385,-0.0070062024,-0.013525896,-0.004687285,0.003182461,-0.017545,-0.019460281,-0.009754676,0.011125533,0.009179794,0.025150761
-0.01583736,0.0140479235,0.010947903,0.0008946052,0.003757088,-0.00029973255,0.016406551,0.018130101,-0.0094794035,-0.0037973858,0.0018329826,-0.010235011,-0.015154759,0.007386979,0.018997634,0.007448165,0.00015694002,-0.018723289,-0.0018237144,0.00028820348,-0.0045562023,-0.020735385,-0.0070062024,-0.013525896,-0.004687285,0.003182461,-0.017545,-0.019460281,-0.009754676,0.011125533,0.009179794,0.025150761
-0.01583736,0.0140479235,0.010947903,0.0008946052,0.003757088,-0.00029973255,0.016406551,0.018130101,-0.0094794035,-0.0037973858,0.0018329826,-0.010235011,-0.015154759,0.007386979,0.018997634,0.007448165,0.00015694002,-0.018723289,-0.0018237144,0.00028820348,-0.0045562023,-0.020735385,-0.0070062024,-0.013525896,-0.004687285,0.003182461,-0.017545,-0.019460281,-0.009754676,0.011125533,0.009179794,0.025150761
-0.01583736,0.0140479235,0.010947903,0.0008946052,0.003757088,-0.00029973255,0.016406551,0.018130101,-0.0094794035,-0.0037973858,0.0018329826,-0.010235011,-0.015154759,0.007386979,0.018997634,0.007448165,0.00015694002,-0.018723289,-0.0018237144,0.00028820348,-0.0045562023,-0.020735385,-0.0070062024,-0.013525896,-0.004687285,0.003182461,-0.017545,-0.019460281,-0.009754676,0.011125533,0.009179794,0.025150761
-0.01583736,0.0140479235,0.010947903,0.0008946052,0.003757088,-0.00029973255,0.016406551,0.018130101,-0.0094794035,-0.0037973858,0.0018329826,-0.010235011,-0.015154759,0.007386979,0.018997634,0.007448165,0.00015694002,-0.018723289,-0.0018237144,0.00028820348,-0.0045562023,-0.020735385,-0.0070062024,-0.013525896,-0.004687285,0.003182461,-0.017545,-0.019460281,-0.009754676,0.011125533,0.009179794,0.025150761
-0.01583736,0.0140479235,0.010947903,0.0008946052,0.003757088,-0.00029973255,0.016406551,0.018130101,-0.0094794035,-0.0037973858,0.0018329826,-0.010235011,-0.015154759,0.007386979,0.018997634,0.007448165,0.00015694002,-0.018723289,-0.0018237144,0.00028820348,-0.0045562023,-0.020735385,-0.0070062024,-0.013525896,-0.004687285,0.003182461,-0.017545,-0.019460281,-0.009754676,0.011125533,0.009179794,0.025150761
0.37642702,0.4357798,0.32264802,0.46609628,0.31955817,0.6352338,0.37262195,0.29727787,0.28808147,0.3235988,-0.19005172,-0.36808506,0.18755037,-0.79912734,-0.096748784,-0.6105487,0.48788774,-0.85748035,0.07550278,0.33140174,-0.36982945,0.21294908,-0.880815,-0.20866922,0.092464425,0.0711161,-0.006541781,0.07461794,0.37232107,0.59267384,0.13626094,-0.30998224
0.68754625,-0.1239188,-0.1310143,-0.28819865,-0.24542563,0.57487386,0.27161217,0.7932295,0.14448187,-0.5567763,-0.13912223,-0.6687543,0.8074439,-0.47755057,0.07375901,-0.13783944,-0.19876528,-0.11643615,0.15874873,-0.10586348,0.12265197,0.3139923,-0.24194106,-0.12173987,-0.11817275,-0.24866404,-0.67647976,0.10418538,0.51048774,0.09336148,0.5999281,-0.0479706
0.3517264,-0.4708684,-0.16697374,-0.37092784,-0.25737837,0.1683321,0.035221986,0.34051087,0.58568245,-0.5063515,0.060500696,-0.3785462,0.25039104,0.16035335,0.28917155,0.19944575,-0.3995138,0.16130836,0.11340552,-0.32526752,0.09251864,-0.3672174,-0.26953354,-0.28550535,0.06376126,-0.26892287,-0.4011076,-0.25383258,0.23887058,-0.38733163,0.5341956,-0.053961895
-0.01583736,0.0140479235,0.010947903,0.0008946052,0.003757088,-0.00029973255,0.016406551,0.018130101,-0.0094794035,-0.0037973858,0.0018329826,-0.010235011,-0.015154759,0.007386979,0.018997634,0.007448165,0.00015694002,-0.018723289,-0.0018237144,0.00028820348,-0.0045562023,-0.020735385,-0.0070062024,-0.013525896,-0.004687285,0.003182461,-0.017545,-0.019460281,-0.009754676,0.011125533,0.009179794,0.025150761
-0.01583736,0.0140479235,0.010947903,0.0008946052,0.003757088,-0.00029973255,0.016406551,0.018130101,-0.0094794035,-0.0037973858,0.0018329826,-0.010235011,-0.015154759,0.007386979,0.018997634,0.007448165,0.00015694002,-0.018723289,-0.0018237144,0.00028820348,-0.0045562023,-0.020735385,-0.0070062024,-0.013525896,-0.004687285,0.003182461,-0.017545,-0.019460281,-0.009754676,0.011125533,0.009179794,0.025150761
-0.01583736,0.0140479235,0.010947903,0.0008946052,0.003757088,-0.00029973255,0.016406551,0.018130101,-0.0094794035,-0.0037973858,0.0018329826,-0.010235011,-0.015154759,0.007386979,0.018997634,0.007448165,0.00015694002,-0.018723289,-0.0018237144,0.00028820348,-0.0045562023,-0.020735385,-0.0070062024,-0.013525896,-0.004687285,0.003182461,-0.017545,-0.019460281,-0.009754676,0.011125533,0.009179794,0.025150761
-0.01583736,0.0140479235,0.010947903,0.0008946052,0.003757088,-0.00029973255,0.016406551,0.018130101,-0.0094794035,-0.0037973858,0.0018329826,-0.010235011,-0.015154759,0.007386979,0.018997634,0.007448165,0.00015694002,-0.018723289,-0.0018237144,0.00028820348,-0.0045562023,-0.020735385,-0.0070062024,-0.013525896,-0.004687285,0.003182461,-0.017545,-0.019460281,-0.009754676,0.011125533,0.009179794,0.025150761
-0.01583736,0.0140479235,0.010947903,0.0008946052,0.003757088,-0.00029973255,0.016406551,0.018130101,-0.0094794035,-0.0037973858,0.0018329826,-0.010235011,-0.015154759,0.007386979,0.018997634,0.007448165,0.00015694002,-0.018723289,-0.0018237144,0.00028820348,-0.0045562023,-0.020735385,-0.0070062024,-0.013525896,-0.004687285,0.003182461,-0.017545,-0.019460281,-0.009754676,0.011125533,0.009179794,0.025150761
-0.01583736,0.0140479235,0.010947903,0.0008946052,0.003757088,-0.00029973255,0.016406551,0.018130101,-0.0094794035,-0.0037973858,0.0018329826,-0.010235011,-0.015154759,0.007386979,0.018997634,0.007448165,0.00015694002,-0.018723289,-0.0018237144,0.00028820348,-0.0045562023,-0.020735385,-0.0070062024,-0.013525896,-0.004687285,0.003182461,-0.017545,-0.019460281,-0.009754676,0.011125533,0.009179794,0.025150761
-0.01583736,0.0140479235,0.010947903,0.0008946052,0.003757088,-0.00029973255,0.016406551,0.018130101,-0.0094794035,-0.0037973858,0.0018329826,-0.010235011,-0.015154759,0.007386979,0.018997634,0.007448165,0.00015694002,-0.018723289,-0.0018237144,0.00028820348,-0.0045562023,-0.020735385,-0.0070062024,-0.013525896,-0.004687285,0.003182461,-0.017545,-0.019460281,-0.009754676,0.011125533,0.009179794,0.025150761
-0.01583736,0.0140479235,0.010947903,0.0008946052,0.003757088,-0.00029973255,0.016406551,0.018130101,-0.0094794035,-0.0037973858,0.0018329826,-0.010235011,-0.015154759,0.007386979,0.018997634,0.007448165,0.00015694002,-0.018723289,-0.0018237144,0.00028820348,-0.0045562023,-0.020735385,-0.0070062024,-0.013525896,-0.004687285,0.003182461,-0.017545,-0.019460281,-0.009754676,0.011125533,0.009179794,0.025150761
-0.01583736,0.0140479235,0.010947903,0.0008946052,0.003757088,-0.00029973255,0.016406551,0.018130101,-0.0094794035,-0.0037973858,0.0018329826,-0.010235011,-0.015154759,0.007386979,0.018997634,0.007448165,0.00015694002,-0.018723289,-0.0018237144,0.00028820348,-0.0045562023,-0.020735385,-0.0070062024,-0.013525896,-0.004687285,0.003182461,-0.017545,-0.019460281,-0.009754676,0.011125533,0.009179794,0.025150761
-0.01583736,0.0140479235,0.010947903,0.0008946052,0.003757088,-0.00029973255,0.016406551,0.018130101,-0.0094794035,-0.0037973858,0.0018329826,-0.010235011,-0.015154759,0.007386979,0.018997634,0.007448165,0.00015694002,-0.018723289,-0.0018237144,0.00028820348,-0.0045562023,-0.020735385,-0.0070062024,-0.013525896,-0.004687285,0.003182461,-0.017545,-0.019460281,-0.009754676,0.011125533,0.009179794,0.025150761
-0.01583736,0.0140479235,0.010947903,0.0008946052,0.003757088,-0.00029973255,0.016406551,0.018130101,-0.0094794035,-0.0037973858,0.0018329826,-0.010235011,-0.015154759,0.007386979,0.018997634,0.007448165,0.00015694002,-0.018723289,-0.0018237144,0.00028820348,-0.0045562023,-0.020735385,-0.0070062024,-0.013525896,-0.004687285,0.003182461,-0.017545,-0.019460281,-0.009754676,0.011125533,0.009179794,0.025150761
-0.01583736,0.0140479235,0.010947903,0.0008946052,0.003757088,-0.00029973255,0.016406551,0.018130101,-0.0094794035,-0.0037973858,0.0018329826,-0.010235011,-0.015154759,0.007386979,0.018997634,0.007448165,0.00015694002,-0.018723289,-0.0018237144,0.00028820348,-0.0045562023,-0.020735385,-0.0070062024,-0.013525896,-0.004687285,0.003182461,-0.017545,-0.019460281,-0.009754676,0.011125533,0.009179794,0.025150761
-0.01583736,0.0140479235,0.010947903,0.0008946052,0.003757088,-0.00029973255,0.016406551,0.018130101,-0.0094794035,-0.0037973858,0.0018329826,-0.010235011,-0.015154759,0.007386979,0.018997634,0.007448165,0.00015694002,-0.018723289,-0.0018237144,0.00028820348,-0.0045562023,-0.020735385,-0.0070062024,-0.013525896,-0.004687285,0.003182461,-0.017545,-0.019460281,-0.009754676,0.011125533,0.009179794,0.025150761
-0.01583736,0.0140479235,0.010947903,0.0008946052,0.003757088,-0.00029973255,0.016406551,0.018130101,-0.0094794035,-0.0037973858,0.0018329826,-0.010235011,-0.015154759,0.007386979,0.018997634,0.007448165,0.00015694002,-0.018723289,-0.0018237144,0.00028820348,-0.0045562023,-0.020735385,-0.0070062024,-0.013525896,-0.004687285,0.003182461,-0.017545,-0.019460281,-0.009754676,0.011125533,0.009179794,0.025150761
-0.01583736,0.0140479235,0.010947903,0.0008946052,0.003757088,-0.00029973255,0.016406551,0.018130101,-0.0094794035,-0.0037973858,0.0018329826,-0.010235011,-0.015154759,0.007386979,0.018997634,0.007448165,0.00015694002,-0.018723289,-0.0018237144,0.00028820348,-0.0045562023,-0.020735385,-0.0070062024,-0.013525896,-0.004687285,0.003182461,-0.017545,-0.019460281,-0.009754676,0.011125533,0.009179794,0.025150761
-0.01583736,0.0140479235,0.010947903,0.0008946052,0.003757088,-0.00029973255,0.016406551,0.018130101,-0.0094794035,-0.0037973858,0.0018329826,-0.010235011,-0.015154759,0.007386979,0.018997634,0.007448165,0.00015694002,-0.018723289,-0.0018237144,0.00028820348,-0.0045562023,-0.020735385,-0.0070062024,-0.013525896,-0.004687285,0.003182461,-0.017545,-0.019460281,-0.009754676,0.011125533,0.009179794,0.025150761
-0.01583736,0.0140479235,0.010947903,0.0008946052,0.003757088,-0.00029973255,0.016406551,0.018130101,-0.0094794035,-0.0037973858,0.0018329826,-0.010235011,-0.015154759,0.007386979,0.018997634,0.007448165,0.00015694002,-0.018723289,-0.0018237144,0.00028820348,-0.0045562023,-0.020735385,-0.0070062024,-0.013525896,-0.004687285,0.003182461,-0.017545,-0.019460281,-0.009754676,0.011125533,0.009179794,0.025150761
-0.01583736,0.0140479235,0.010947903,0.0008946052,0.003757088,-0.00029973255,0.016406551,0.018130101,-0.0094794035,-0.0037973858,0.0018329826,-0.010235011,-0.015154759,0.007386979,0.018997634,0.007448165,0.00015694002,-0.018723289,-0.0018237144,0.00028820348,-0.0045562023,-0.020735385,-0.0070062024,-0.013525896,-0.004687285,0.003182461,-0.017545,-0.019460281,-0.009754676,0.011125533,0.009179794,0.025150761
-0.01583736,0.0140479235,0.010947903,0.0008946052,0.003757088,-0.00029973255,0.016406551,0.018130101,-0.0094794035,-0.0037973858,0.0018329826,-0.010235011,-0.015154759,0.007386979,0.018997634,0.007448165,0.00015694002,-0.018723289,-0.0018237144,0.00028820348,-0.0045562023,-0.020735385,-0.0070062024,-0.013525896,-0.004687285,0.003182461,-0.017545,-0.019460281,-0.009754676,0.011125533,0.009179794,0.025150761
-0.01583736,0.0140479235,0.010947903,0.0008946052,0.003757088,-0.00029973255,0.016406551,0.018130101,-0.0094794035,-0.0037973858,0.0018329826,-0.010235011,-0.015154759,0.007386979,0.018997634,0.007448165,0.00015694002,-0.018723289,-0.0018237144,0.00028820348,-0.0045562023,-0.020735385,-0.0070062024,-0.013525896,-0.004687285,0.003182461,-0.017545,-0.019460281,-0.009754676,0.011125533,0.009179794,0.025150761
-0.01583736,0.0140479235,0.010947903,0.0008946052,0.003757088,-0.00029973255,0.016406551,0.018130101,-0.0094794035,-0.0037973858,0.0018329826,-0.010235011,-0.015154759,0.007386979,0.018997634,0.007448165,0.00015694002,-0.018723289,-0.0018237144,0.00028820348,-0.0045562023,-0.020735385,-0.0070062024,-0.013525896,-0.004687285,0.003182461,-0.017545,-0.019460281,-0.009754676,0.011125533,0.009179794,0.025150761
-0.01583736,0.0140479235,0.010947903,0.0008946052,0.003757088,-0.00029973255,0.016406551,0.018130101,-0.0094794035,-0.0037973858,0.0018329826,-0.010235011,-0.015154759,0.007386979,0.018997634,0.007448165,0.00015694002,-0.018723289,-0.0018237144,0.00028820348,-0.0045562023,-0.020735385,-0.0070062024,-0.013525896,-0.004687285,0.003182461,-0.017545,-0.019460281,-0.009754676,0.011125533,0.009179794,0.025150761
-0.01583736,0.0140479235,0.010947903,0.0008946052,0.003757088,-0.00029973255,0.016406551,0.018130101,-0.0094794035,-0.0037973858,0.0018329826,-0.010235011,-0.015154759,0.007386979,0.018997634,0.007448165,0.00015694002,-0.018723289,-0.0018237144,0.00028820348,-0.0045562023,-0.020735385,-0.0070062024,-0.013525896,-0.004687285,0.003182461,-0.017545,-0.019460281,-0.009754676,0.011125533,0.009179794,0.025150761
-0.01583736,0.0140479235,0.010947903,0.0008946052,0.003757088,-0.00029973255,0.016406551,0.018130101,-0.0094794035,-0.0037973858,0.0018329826,-0.010235011,-0.015154759,0.007386979,0.018997634,0.007448165,0.00015694002,-0.018723289,-0.0018237144,0.00028820348,-0.0045562023,-0.020735385,-0.0070062024,-0.013525896,-0.004687285,0.003182461,-0.017545,-0.019460281,-0.009754676,0.011125533,0.009179794,0.025150761
-0.01583736,0.0140479235,0.010947903,0.0008946052,0.003757088,-0.00029973255,0.016406551,0.018130101,-0.0094794035,-0.0037973858,0.0018329826,-0.010235011,-0.015154759,0.007386979,0.018997634,0.007448165,0.00015694002,-0.018723289,-0.0018237144,0.00028820348,-0.0045562023,-0.020735385,-0.0070062024,-0.013525896,-0.004687285,0.003182461,-0.017545,-0.019460281,-0.009754676,0.011125533,0.009179794,0.025150761
-0.01583736,0.0140479235,0.010947903,0.0008946052,0.003757088,-0.00029973255,0.016406551,0.018130101,-0.0094794035,-0.0037973858,0.0018329826,-0.010235011,-0.015154759,0.007386979,0.018997634,0.007448165,0.00015694002,-0.018723289,-0.0018237144,0.00028820348,-0.0045562023,-0.020735385,-0.0070062024,-0.013525896,-0.004687285,0.003182461,-0.017545,-0.019460281,-0.009754676,0.011125533,0.009179794,0.025150761
-0.01583736,0.0140479235,0.010947903,0.0008946052,0.003757088,-0.00029973255,0.016406551,0.018130101,-0.0094794035,-0.0037973858,0.0018329826,-0.010235011,-0.015154759,0.007386979,0.018997634,0.007448165,0.00015694002,-0.018723289,-0.0018237144,0.00028820348,-0.0045562023,-0.020735385,-0.0070062024,-0.013525896,-0.004687285,0.003182461,-0.017545,-0.019460281,-0.009754676,0.011125533,0.009179794,0.025150761
-0.01583736,0.0140479235,0.010947903,0.0008946052,0.003757088,-0.00029973255,0.016406551,0.018130101,-0.0094794035,-0.0037973858,0.0018329826,-0.010235011,-0.015154759,0.007386979,0.018997634,0.007448165,0.00015694002,-0.018723289,-0.0018237144,0.00028820348,-0.0045562023,-0.020735385,-0.0070062024,-0.013525896,-0.004687285,0.003182461,-0.017545,-0.019460281,-0.009754676,0.011125533,0.009179794,0.025150761
0.48546785,0.3429704,0.45369396,0.44532183,0.09939764,0.34916675,-0.045146532,0.4512714,0.2266754,0.48507923,-0.2059582,-0.07536727,-0.2639304,-0.73281544,-0.50891465,-0.52848804,0.92905563,-0.5447708,0.027179873,0.13573518,0.041755024,-0.030144317,-0.763831,-0.2006158,-0.027597642,-0.0143951755,0.17214891,-0.01491135,0.3677147,0.5589542,0.07799015,-0.11002539
0.25232276,0.0115516065,0.0014733253,-0.11689915,-0.099698246,0.38949296,0.27363163,0.687784,0.4852877,-0.61722,0.07168394,-0.49458337,0.9674441,-0.38940704,0.20781134,0.057770874,-0.04290232,-0.41499332,-0.20328596,-0.5836876,0.37730882,0.49900448,-0.1443044,-0.023913957,-0.33701718,-0.1398508,-0.5835866,0.027203275,0.2520592,-0.09253149,0.3618886,-0.2877525
-0.010577124,-0.03157602,-0.034639604,-0.23734078,0.015000632,0.19995654,0.104525425,0.08648667,0.43234935,-0.10203035,0.1483125,-0.2758724,0.041928876,-0.044976752,0.21869315,0.28208968,-0.6001716,0.14281218,-0.008394716,-0.26528564,-0.0021096664,-0.2570308,-0.35330677,-0.14796978,0.37884313,-0.2838711,-0.15427561,-0.37206858,0.1285019,-0.38452286,0.7042192,0.2959792
-0.01583736,0.0140479235,0.010947903,0.0008946052,0.003757088,-0.00029973255,0.016406551,0.018130101,-0.0094794035,-0.0037973858,0.0018329826,-0.010235011,-0.015154759,0.007386979,0.018997634,0.007448165,0.00015694002,-0.018723289,-0.0018237144,0.00028820348,-0.0045562023,-0.020735385,-0.0070062024,-0.013525896,-0.004687285,0.003182461,-0.017545,-0.019460281,-0.009754676,0.011125533,0.009179794,0.025150761
-0.01583736,0.0140479235,0.010947903,0.0008946052,0.003757088,-0.00029973255,0.016406551,0.018130101,-0.0094794035,-0.0037973858,0.0018329826,-0.010235011,-0.015154759,0.007386979,0.018997634,0.007448165,0.00015694002,-0.018723289,-0.0018237144,0.00028820348,-0.0045562023,-0.020735385,-0.0070062024,-0.013525896,-0.004687285,0.003182461,-0.017545,-0.019460281,-0.009754676,0.011125533,0.009179794,0.025150761
-0.01583736,0.0140479235,0.010947903,0.0008946052,0.003757088,-0.00029973255,0.016406551,0.018130101,-0.0094794035,-0.0037973858,0.0018329826,-0.010235011,-0.015154759,0.007386979,0.018997634,0.007448165,0.00015694002,-0.018723289,-0.0018237144,0.00028820348,-0.0045562023,-0.020735385,-0.0070062024,-0.013525896,-0.004687285,0.003182461,-0.017545,-0.019460281,-0.009754676,0.011125533,0.009179794,0.025150761
-0.01583736,0.0140479235,0.010947903,0.0008946052,0.003757088,-0.00029973255,0.016406551,0.018130101,-0.0094794035,-0.0037973858,0.0018329826,-0.010235011,-0.015154759,0.007386979,0.018997634,0.007448165,0.00015694002,-0.018723289,-0.0018237144,0.00028820348,-0.0045562023,-0.020735385,-0.0070062024,-0.013525896,-0.004687285,0.003182461,-0.017545,-0.019460281,-0.009754676,0.011125533,0.009179794,0.025150761
-0.01583736,0.0140479235,0.010947903,0.0008946052,0.003757088,-0.00029973255,0.016406551,0.018130101,-0.0094794035,-0.0037973858,0.0018329826,-0.010235011,-0.015154759,0.007386979,0.018997634,0.007448165,0.00015694002,-0.018723289,-0.0018237144,0.00028820348,-0.0045562023,-0.020735385,-0.0070062024,-0.013525896,-0.004687285,0.003182461,-0.017545,-0.019460281,-0.009754676,0.011125533,0.009179794,0.025150761
-0.01583736,0.0140479235,0.010947903,0.0008946052,0.003757088,-0.00029973255,0.016406551,0.018130101,-0.0094794035,-0.0037973858,0.0018329826,-0.010235011,-0.015154759,0.007386979,0.018997634,0.007448165,0.00015694002,-0.018723289,-0.0018237144,0.00028820348,-0.0045562023,-0.020735385,-0.0070062024,-0.013525896,-0.004687285,0.003182461,-0.017545,-0.019460281,-0.009754676,0.011125533,0.009179794,0.025150761
-0.01583736,0.0140479235,0.010947903,0.0008946052,0.003757088,-0.00029973255,0.016406551,0.018130101,-0.0094794035,-0.0037973858,0.0018329826,-0.010235011,-0.015154759,0.007386979,0.018997634,0.007448165,0.00015694002,-0.018723289,-0.0018237144,0.00028820348,-0.0045562023,-0.020735385,-0.0070062024,-0.013525896,-0.004687285,0.003182461,-0.017545,-0.019460281,-0.009754676,0.011125533,0.009179794,0.025150761
-0.01583736,0.0140479235,0.010947903,0.0008946052,0.003757088,-0.00029973255,0.016406551,0.018130101,-0.0094794035,-0.0037973858,0.0018329826,-0.010235011,-0.015154759,0.007386979,0.018997634,0.007448165,0.00015694002,-0.018723289,-0.0018237144,0.00028820348,-0.0045562023,-0.020735385,-0.0070062024,-0.013525896,-0.004687285,0.003182461,-0.017545,-0.019460281,-0.009754676,0.011125533,0.009179794,0.025150761
-0.01583736,0.0140479235,0.010947903,0.0008946052,0.003757088,-0.00029973255,0.016406551,0.018130101,-0.0094794035,-0.0037973858,0.0018329826,-0.010235011,-0.015154759,0.007386979,0.018997634,0.007448165,0.00015694002,-0.018723289,-0.0018237144,0.00028820348,-0.0045562023,-0.020735385,-0.0070062024,-0.013525896,-0.004687285,0.003182461,-0.017545,-0.019460281,-0.009754676,0.011125533,0.009179794,0.025150761
-0.01583736,0.0140479235,0.010947903,0.0008946052,0.003757088,-0.00029973255,0.016406551,0.018130101,-0.0094794035,-0.0037973858,0.0018329826,-0.010235011,-0.015154759,0.007386979,0.018997634,0.007448165,0.00015694002,-0.018723289,-0.0018237144,0.00028820348,-0.0045562023,-0.020735385,-0.0070062024,-0.013525896,-0.004687285,0.003182461,-0.017545,-0.019460281,-0.009754676,0.011125533,0.009179794,0.025150761
-0.01583736,0.0140479235,0.010947903,0.0008946052,0.003757088,-0.00029973255,0.016406551,0.018130101,-0.0094794035,-0.0037973858,0.0018329826,-0.010235011,-0.015154759,0.007386979,0.018997634,0.007448165,0.00015694002,-0.018723289,-0.0018237144,0.00028820348,-0.0045562023,-0.020735385,-0.0070062024,-0.013525896,-0.004687285,0.003182461,-0.017545,-0.019460281,-0.009754676,0.011125533,0.009179794,0.025150761
-0.01583736,0.0140479235,0.010947903,0.0008946052,0.003757088,-0.00029973255,0.016406551,0.018130101,-0.0094794035,-0.0037973858,0.0018329826,-0.010235011,-0.015154759,0.007386979,0.018997634,0.007448165,0.00015694002,-0.018723289,-0.0018237144,0.00028820348,-0.0045562023,-0.020735385,-0.0070062024,-0.013525896,-0.004687285,0.003182461,-0.017545,-0.019460281,-0.009754676,0.011125533,0.009179794,0.025150761
-0.01583736,0.0140479235,0.010947903,0.0008946052,0.003757088,-0.00029973255,0.016406551,0.018130101,-0.0094794035,-0.0037973858,0.0018329826,-0.010235011,-0.015154759,0.007386979,0.018997634,0.007448165,0.00015694002,-0.018723289,-0.0018237144,0.00028820348,-0.0045562023,-0.020735385,-0.0070062024,-0.013525896,-0.004687285,0.003182461,-0.017545,-0.019460281,-0.009754676,0.011125533,0.009179794,0.025150761
-0.01583736,0.0140479235,0.010947903,0.0008946052,0.003757088,-0.00029973255,0.016406551,0.018130101,-0.0094794035,-0.0037973858,0.0018329826,-0.010235011,-0.015154759,0.007386979,0.018997634,0.007448165,0.00015694002,-0.018723289,-0.0018237144,0.00028820348,-0.0045562023,-0.020735385,-0.0070062024,-0.013525896,-0.004687285,0.003182461,-0.017545,-0.019460281,-0.009754676,0.011125533,0.009179794,0.025150761
-0.01583736,0.0140479235,0.010947903,0.0008946052,0.003757088,-0.00029973255,0.016406551,0.018130101,-0.0094794035,-0.0037973858,0.0018329826,-0.010235011,-0.015154759,0.007386979,0.018997634,0.007448165,0.00015694002,-0.018723289,-0.0018237144,0.00028820348,-0.0045562023,-0.020735385,-0.0070062024,-0.013525896,-0.004687285,0.003182461,-0.017545,-0.019460281,-0.009754676,0.011125533,0.009179794,0.025150761
-0.01583736,0.0140479235,0.010947903,0.0008946052,0.003757088,-0.00029973255,0.016406551,0.018130101,-0.0094794035,-0.0037973858,0.0018329826,-0.010235011,-0.015154759,0.007386979,0.018997634,0.007448165,0.00015694002,-0.018723289,-0.0018237144,0.00028820348,-0.0045562023,-0.020735385,-0.0070062024,-0.013525896,-0.004687285,0.003182461,-0.017545,-0.019460281,-0.009754676,0.011125533,0.009179794,0.025150761
-0.01583736,0.0140479235,0.010947903,0.0008946052,0.003757088,-0.00029973255,0.016406551,0.018130101,-0.0094794035,-0.0037973858,0.0018329826,-0.010235011,-0.015154759,0.007386979,0.018997634,0.007448165,0.00015694002,-0.018723289,-0.0018237144,0.00028820348,-0.0045562023,-0.020735385,-0.0070062024,-0.013525896,-0.004687285,0.003182461,-0.017545,-0.019460281,-0.009754676,0.011125533,0.009179794,0.025150761
-0.01583736,0.0140479235,0.010947903,0.0008946052,0.003757088,-0.00029973255,0.016406551,0.018130101,-0.0094794035,-0.0037973858,0.0018329826,-0.010235011,-0.015154759,0.007386979,0.018997634,0.007448165,0.00015694002,-0.018723289,-0.0018237144,0.00028820348,-0.0045562023,-0.020735385,-0.0070062024,-0.013525896,-0.004687285,0.003182461,-0.017545,-0.019460281,-0.009754676,0.011125533,0.009179794,0.025150761
-0.01583736,0.0140479235,0.010947903,0.0008946052,0.003757088,-0.00029973255,0.016406551,0.018130101,-0.0094794035,-0.0037973858,0.0018329826,-0.010235011,-0.015154759,0.007386979,0.018997634,0.007448165,0.00015694002,-0.018723289,-0.0018237144,0.00028820348,-0.0045562023,-0.020735385,-0.0070062024,-0.013525896,-0.004687285,0.003182461,-0.017545,-0.019460281,-0.009754676,0.011125533,0.009179794,0.025150761
-0.01583736,0.0140479235,0.010947903,0.0008946052,0.003757088,-0.00029973255,0.016406551,0.018130101,-0.0094794035,-0.0037973858,0.0018329826,-0.010235011,-0.015154759,0.007386979,0.018997634,0.007448165,0.00015694002,-0.018723289,-0.0018237144,0.00028820348,-0.0045562023,-0.020735385,-0.0070062024,-0.013525896,-0.004687285,0.003182461,-0.017545,-0.019460281,-0.009754676,0.011125533,0.009179794,0.025150761
-0.01583736,0.0140479235,0.010947903,0.0008946052,0.003757088,-0.00029973255,0.016406551,0.018130101,-0.0094794035,-0.0037973858,0.0018329826,-0.010235011,-0.015154759,0.007386979,0.018997634,0.007448165,0.00015694002,-0.018723289,-0.0018237144,0.00028820348,-0.0045562023,-0.020735385,-0.0070062024,-0.013525896,-0.004687285,0.003182461,-0.017545,-0.019460281,-0.009754676,0.011125533,0.009179794,0.025150761
-0.01583736,0.0140479235,0.010947903,0.0008946052,0.003757088,-0.00029973255,0.016406551,0.018130101,-0.0094794035,-0.0037973858,0.0018329826,-0.010235011,-0.015154759,0.007386979,0.018997634,0.007448165,0.00015694002,-0.018723289,-0.0018237144,0.00028820348,-0.0045562023,-0.020735385,-0.0070062024,-0.013525896,-0.004687285,0.003182461,-0.017545,-0.019460281,-0.009754676,0.011125533,0.009179794,0.025150761
-0.01583736,0.0140479235,0.010947903,0.0008946052,0.003757088,-0.00029973255,0.016406551,0.018130101,-0.0094794035,-0.0037973858,0.0018329826,-0.010235011,-0.015154759,0.007386979,0.018997634,0.007448165,0.00015694002,-0.018723289,-0.0018237144,0.00028820348,-0.0045562023,-0.020735385,-0.0070062024,-0.013525896,-0.004687285,0.003182461,-0.017545,-0.019460281,-0.009754676,0.011125533,0.009179794,0.025150761
-0.01583736,0.0140479235,0.010947903,0.0008946052,0.003757088,-0.00029973255,0.016406551,0.018130101,-0.0094794035,-0.0037973858,0.0018329826,-0.010235011,-0.015154759,0.007386979,0.018997634,0.007448165,0.00015694002,-0.018723289,-0.0018237144,0.00028820348,-0.0045562023,-0.020735385,-0.0070062024,-0.013525896,-0.004687285,0.003182461,-0.017545,-0.019460281,-0.009754676,0.011125533,0.009179794,0.025150761
-0.01583736,0.0140479235,0.010947903,0.0008946052,0.003757088,-0.00029973255,0.016406551,0.018130101,-0.0094794035,-0.0037973858,0.0018329826,-0.010235011,-0.015154759,0.007386979,0.018997634,0.007448165,0.00015694002,-0.018723289,-0.0018237144,0.00028820348,-0.0045562023,-0.020735385,-0.0070062024,-0.013525896,-0.004687285,0.003182461,-0.017545,-0.019460281,-0.009754676,0.011125533,0.009179794,0.025150761
-0.01583736,0.0140479235,0.010947903,0.0008946052,0.003757088,-0.00029973255,0.016406551,0.018130101,-0.0094794035,-0.0037973858,0.0018329826,-0.010235011,-0.015154759,0.007386979,0.018997634,0.007448165,0.00015694002,-0.018723289,-0.0018237144,0.00028820348,-0.0045562023,-0.020735385,-0.0070062024,-0.013525896,-0.004687285,0.003182461,-0.017545,-0.019460281,-0.009754676,0.011125533,0.009179794,0.025150761
-0.01583736,0.0140479235,0.010947903,0.0008946052,0.003757088,-0.00029973255,0.016406551,0.018130101,-0.0094794035,-0.0037973858,0.0018329826,-0.010235011,-0.015154759,0.007386979,0.018997634,0.007448165,0.00015694002,-0.018723289,-0.0018237144,0.00028820348,-0.0045562023,-0.020735385,-0.0070062024,-0.013525896,-0.004687285,0.003182461,-0.017545,-0.019460281,-0.009754676,0.011125533,0.009179794,0.025150761
-0.01583736,0.0140479235,0.010947903,0.0008946052,0.003757088,-0.00029973255,0.016406551,0.018130101,-0.0094794035,-0.0037973858,0.0018329826,-0.010235011,-0.015154759,0.007386979,0.018997634,0.007448165,0.00015694002,-0.018723289,-0.0018237144,0.00028820348,-0.0045562023,-0.020735385,-0.0070062024,-0.013525896,-0.004687285,0.003182461,-0.017545,-0.019460281,-0.009754676,0.011125533,0.009179794,0.025150761
0.03129035,0.5698081,0.120156266,0.56835496,0.20448296,0.6923297,0.26626056,0.2431272,0.5731715,0.52063286,-0.49702853,-0.49461564,0.48228788,-0.67729706,-0.14184386,-0.70857996,0.17516662,-0.62490046,0.1695859,0.35956413,-0.6657701,0.017037889,-0.45996138,-0.07153795,-0.14826086,0.34212574,-0.035193384,0.3503567,0.15847148,0.42710713,0.1283355,-0.24827139
0.3313847,-0.2532429,-0.18423826,-0.3297345,-0.0016002161,0.21850443,-0.010035289,0.8526527,-0.014279392,-0.6452518,-0.5300885,-0.41052157,0.6056815,-0.721353,-0.01989756,-0.08428029,-0.30650595,-0.1405548,0.012450406,0.21848388,0.016409196,-0.31062728,-0.5243892,-0.35276178,0.12212577,-0.16332954,-0.15257141,-0.033032063,0.19554622,0.31980044,0.37316325,-0.40080392
0.1746585,-0.3390416,-0.25143284,-0.38558847,-0.09940667,-0.002918675,-0.02244924,0.34640622,0.2509742,-0.36659408,-0.033164278,-0.35020253,0.26542416,0.38412756,0.14117454,-0.12405002,-0.29180264,0.37115422,0.06447965,-0.14987746,0.23918492,-0.2581975,0.016850341,-0.44260332,0.33523175,-0.2611789,-0.63091964,-0.007372628,0.21961163,0.010324585,0.37865537,0.08112526
-0.01583736,0.0140479235,0.010947903,0.0008946052,0.003757088,-0.00029973255,0.016406551,0.018130101,-0.0094794035,-0.0037973858,0.0018329826,-0.010235011,-0.015154759,0.007386979,0.018997634,0.007448165,0.00015694002,-0.018723289,-0.0018237144,0.00028820348,-0.0045562023,-0.020735385,-0.0070062024,-0.013525896,-0.004687285,0.003182461,-0.017545,-0.019460281,-0.009754676,0.011125533,0.009179794,0.025150761
-0.01583736,0.0140479235,0.010947903,0.0008946052,0.003757088,-0.00029973255,0.016406551,0.018130101,-0.0094794035,-0.0037973858,0.0018329826,-0.010235011,-0.015154759,0.007386979,0.018997634,0.007448165,0.00015694002,-0.018723289,-0.0018237144,0.00028820348,-0.0045562023,-0.020735385,-0.0070062024,-0.013525896,-0.004687285,0.003182461,-0.017545,-0.019460281,-0.009754676,0.011125533,0.009179794,0.025150761
-0.01583736,0.0140479235,0.010947903,0.0008946052,0.003757088,-0.00029973255,0.016406551,0.018130101,-0.0094794035,-0.0037973858,0.0018329826,-0.010235011,-0.015154759,0.007386979,0.018997634,0.007448165,0.00015694002,-0.018723289,-0.0018237144,0.00028820348,-0.0045562023,-0.020735385,-0.0070062024,-0.013525896,-0.004687285,0.003182461,-0.017545,-0.019460281,-0.009754676,0.011125533,0.009179794,0.025150761
-0.01583736,0.0140479235,0.010947903,0.0008946052,0.003757088,-0.00029973255,0.016406551,0.018130101,-0.0094794035,-0.0037973858,0.0018329826,-0.010235011,-0.015154759,0.007386979,0.018997634,0.007448165,0.00015694002,-0.018723289,-0.0018237144,0.00028820348,-0.0045562023,-0.020735385,-0.0070062024,-0.013525896,-0.004687285,0.003182461,-0.017545,-0.019460281,-0.009754676,0.011125533,0.009179794,0.025150761
-0.01583736,0.0140479235,0.010947903,0.0008946052,0.003757088,-0.00029973255,0.016406551,0.018130101,-0.0094794035,-0.0037973858,0.0018329826,-0.010235011,-0.015154759,0.007386979,0.018997634,0.007448165,0.00015694002,-0.018723289,-0.0018237144,0.00028820348,-0.0045562023,-0.020735385,-0.0070062024,-0.013525896,-0.004687285,0.003182461,-0.017545,-0.019460281,-0.009754676,0.011125533,0.009179794,0.025150761
-0.01583736,0.0140479235,0.010947903,0.0008946052,0.003757088,-0.00029973255,0.016406551,0.018130101,-0.0094794035,-0.0037973858,0.0018329826,-0.010235011,-0.015154759,0.007386979,0.018997634,0.007448165,0.00015694002,-0.018723289,-0.0018237144,0.00028820348,-0.0045562023,-0.020735385,-0.0070062024,-0.013525896,-0.004687285,0.003182461,-0.017545,-0.019460281,-0.009754676,0.011125533,0.009179794,0.025150761
-0.01583736,0.0140479235,0.010947903,0.0008946052,0.003757088,-0.00029973255,0.016406551,0.018130101,-0.0094794035,-0.0037973858,0.0018329826,-0.010235011,-0.015154759,0.007386979,0.018997634,0.007448165,0.00015694002,-0.018723289,-0.0018237144,0.00028820348,-0.0045562023,-0.020735385,-0.0070062024,-0.013525896,-0.004687285,0.003182461,-0.017545,-0.019460281,-0.009754676,0.011125533,0.009179794,0.025150761
-0.01583736,0.0140479235,0.010947903,0.0008946052,0.003757088,-0.00029973255,0.016406551,0.018130101,-0.0094794035,-0.0037973858,0.0018329826,-0.010235011,-0.015154759,0.007386979,0.018997634,0.007448165,0.00015694002,-0.018723289,-0.0018237144,0.00028820348,-0.0045562023,-0.020735385,-0.0070062024,-0.013525896,-0.004687285,0.003182461,-0.017545,-0.019460281,-0.009754676,0.011125533,0.009179794,0.025150761
-0.01583736,0.0140479235,0.010947903,0.0008946052,0.003757088,-0.00029973255,0.016406551,0.018130101,-0.0094794035,-0.0037973858,0.0018329826,-0.010235011,-0.015154759,0.007386979,0.018997634,0.007448165,0.00015694002,-0.018723289,-0.0018237144,0.00028820348,-0.0045562023,-0.020735385,-0.0070062024,-0.013525896,-0.004687285,0.003182461,-0.017545,-0.019460281,-0.009754676,0.011125533,0.009179794,0.025150761
-0.01583736,0.0140479235,0.010947903,0.0008946052,0.003757088,-0.00029973255,0.016406551,0.018130101,-0.0094794035,-0.0037973858,0.0018329826,-0.010235011,-0.015154759,0.007386979,0.018997634,0.007448165,0.00015694002,-0.018723289,-0.0018237144,0.00028820348,-0.0045562023,-0.020735385,-0.0070062024,-0.013525896,-0.004687285,0.003182461,-0.017545,-0.019460281,-0.009754676,0.011125533,0.009179794,0.025150761
-0.01583736,0.0140479235,0.010947903,0.0008946052,0.003757088,-0.00029973255,0.016406551,0.018130101,-0.0094794035,-0.0037973858,0.0018329826,-0.010235011,-0.015154759,0.007386979,0.018997634,0.007448165,0.00015694002,-0.018723289,-0.0018237144,0.00028820348,-0.0045562023,-0.020735385,-0.0070062024,-0.013525896,-0.004687285,0.003182461,-0.017545,-0.019460281,-0.009754676,0.011125533,0.009179794,0.025150761
-0.01583736,0.0140479235,0.010947903,0.0008946052,0.003757088,-0.00029973255,0.016406551,0.018130101,-0.0094794035,-0.0037973858,0.0018329826,-0.010235011,-0.015154759,0.007386979,0.018997634,0.007448165,0.00015694002,-0.018723289,-0.0018237144,0.00028820348,-0.0045562023,-0.020735385,-0.0070062024,-0.013525896,-0.004687285,0.003182461,-0.017545,-0.019460281,-0.009754676,0.011125533,0.009179794,0.025150761
-0.01583736,0.0140479235,0.010947903,0.0008946052,0.003757088,-0.00029973255,0.016406551,0.018130101,-0.0094794035,-0.0037973858,0.0018329826,-0.010235011,-0.015154759,0.007386979,0.018997634,0.007448165,0.00015694002,-0.018723289,-0.0018237144,0.00028820348,-0.0045562023,-0.020735385,-0.0070062024,-0.013525896,-0.004687285,0.003182461,-0.017545,-0.019460281,-0.009754676,0.011125533,0.009179794,0.025150761
-0.01583736,0.0140479235,0.010947903,0.0008946052,0.003757088,-0.00029973255,0.016406551,0.018130101,-0.0094794035,-0.0037973858,0.0018329826,-0.010235011,-0.015154759,0.007386979,0.018997634,0.007448165,0.00015694002,-0.018723289,-0.0018237144,0.00028820348,-0.0045562023,-0.020735385,-0.0070062024,-0.013525896,-0.004687285,0.003182461,-0.017545,-0.019460281,-0.009754676,0.011125533,0.009179794,0.025150761
-0.01583736,0.0140479235,0.010947903,0.0008946052,0.003757088,-0.00029973255,0.016406551,0.018130101,-0.0094794035,-0.0037973858,0.0018329826,-0.010235011,-0.015154759,0.007386979,0.018997634,0.007448165,0.00015694002,-0.018723289,-0.0018237144,0.00028820348,-0.0045562023,-0.020735385,-0.0070062024,-0.013525896,-0.004687285,0.003182461,-0.017545,-0.019460281,-0.009754676,0.011125533,0.009179794,0.025150761
-0.01583736,0.0140479235,0.010947903,0.0008946052,0.003757088,-0.00029973255,0.016406551,0.018130101,-0.0094794035,-0.0037973858,0.0018329826,-0.010235011,-0.015154759,0.007386979,0.018997634,0.007448165,0.00015694002,-0.018723289,-0.0018237144,0.00028820348,-0.0045562023,-0.020735385,-0.0070062024,-0.013525896,-0.004687285,0.003182461,-0.017545,-0.019460281,-0.009754676,0.011125533,0.009179794,0.025150761
-0.01583736,0.0140479235,0.010947903,0.0008946052,0.003757088,-0.00029973255,0.016406551,0.018130101,-0.0094794035,-0.0037973858,0.0018329826,-0.010235011,-0.015154759,0.007386979,0.018997634,0.007448165,0.00015694002,-0.018723289,-0.0018237144,0.00028820348,-0.0045562023,-0.020735385,-0.0070062024,-0.013525896,-0.004687285,0.003182461,-0.017545,-0.019460281,-0.009754676,0.011125533,0.009179794,0.025150761
-0.01583736,0.0140479235,0.010947903,0.0008946052,0.003757088,-0.00029973255,0.016406551,0.018130101,-0.0094794035,-0.0037973858,0.0018329826,-0.010235011,-0.015154759,0.007386979,0.018997634,0.007448165,0.00015694002,-0.018723289,-0.0018237144,0.00028820348,-0.0045562023,-0.020735385,-0.0070062024,-0.013525896,-0.004687285,0.003182461,-0.017545,-0.019460281,-0.009754676,0.011125533,0.009179794,0.025150761
-0.01583736,0.0140479235,0.010947903,0.0008946052,0.003757088,-0.00029973255,0.016406551,0.018130101,-0.0094794035,-0.0037973858,0.0018329826,-0.010235011,-0.015154759,0.007386979,0.018997634,0.007448165,0.00015694002,-0.018723289,-0.0018237144,0.00028820348,-0.0045562023,-0.020735385,-0.0070062024,-0.013525896,-0.004687285,0.003182461,-0.017545,-0.019460281,-0.009754676,0.011125533,0.009179794,0.025150761
-0.01583736,0.0140479235,0.010947903,0.0008946052,0.003757088,-0.00029973255,0.016406551,0.018130101,-0.0094794035,-0.0037973858,0.0018329826,-0.010235011,-0.015154759,0.007386979,0.018997634,0.007448165,0.00015694002,-0.018723289,-0.0018237144,0.00028820348,-0.0045562023,-0.020735385,-0.0070062024,-0.013525896,-0.004687285,0.003182461,-0.017545,-0.019460281,-0.009754676,0.011125533,0.009179794,0.025150761
-0.01583736,0.0140479235,0.010947903,0.0008946052,0.003757088,-0.00029973255,0.016406551,0.018130101,-0.0094794035,-0.0037973858,0.0018329826,-0.010235011,-0.015154759,0.007386979,0.018997634,0.007448165,0.00015694002,-0.018723289,-0.0018237144,0.00028820348,-0.0045562023,-0.020735385,-0.0070062024,-0.013525896,-0.004687285,0.003182461,-0.017545,-0.019460281,-0.009754676,0.011125533,0.009179794,0.025150761
-0.01583736,0.0140479235,0.010947903,0.0008946052,0.003757088,-0.00029973255,0.016406551,0.018130101,-0.0094794035,-0.0037973858,0.0018329826,-0.010235011,-0.015154759,0.007386979,0.018997634,0.007448165,0.00015694002,-0.018723289,-0.0018237144,0.00028820348,-0.0045562023,-0.020735385,-0.0070062024,-0.013525896,-0.004687285,0.003182461,-0.017545,-0.019460281,-0.009754676,0.011125533,0.009179794,0.025150761
-0.01583736,0.0140479235,0.010947903,0.0008946052,0.003757088,-0.00029973255,0.016406551,0.018130101,-0.0094794035,-0.0037973858,0.0018329826,-0.010235011,-0.015154759,0.007386979,0.018997634,0.007448165,0.00015694002,-0.018723289,-0.0018237144,0.00028820348,-0.0045562023,-0.020735385,-0.0070062024,-0.013525896,-0.004687285,0.003182461,-0.017545,-0.019460281,-0.009754676,0.011125533,0.009179794,0.025150761
-0.01583736,0.0140479235,0.010947903,0.0008946052,0.003757088,-0.00029973255,0.016406551,0.018130101,-0.0094794035,-0.0037973858,0.0018329826,-0.010235011,-0.015154759,0.007386979,0.018997634,0.007448165,0.00015694002,-0.018723289,-0.0018237144,0.00028820348,-0.0045562023,-0.020735385,-0.0070062024,-0.013525896,-0.004687285,0.003182461,-0.017545,-0.019460281,-0.009754676,0.011125533,0.009179794,0.025150761
-0.01583736,0.0140479235,0.010947903,0.0008946052,0.003757088,-0.00029973255,0.016406551,0.018130101,-0.0094794035,-0.0037973858,0.0018329826,-0.010235011,-0.015154759,0.007386979,0.018997634,0.007448165,0.00015694002,-0.018723289,-0.0018237144,0.00028820348,-0.0045562023,-0.020735385,-0.0070062024,-0.013525896,-0.004687285,0.003182461,-0.017545,-0.019460281,-0.009754676,0.011125533,0.009179794,0.025150761
-0.01583736,0.0140479235,0.010947903,0.0008946052,0.003757088,-0.00029973255,0.016406551,0.018130101,-0.0094794035,-0.0037973858,0.0018329826,-0.010235011,-0.015154759,0.007386979,0.018997634,0.007448165,0.00015694002,-0.018723289,-0.0018237144,0.00028820348,-0.0045562023,-0.020735385,-0.0070062024,-0.013525896,-0.004687285,0.003182461,-0.017545,-0.019460281,-0.009754676,0.011125533,0.009179794,0.025150761
-0.01583736,0.0140479235,0.010947903,0.0008946052,0.003757088,-0.00029973255,0.016406551,0.018130101,-0.0094794035,-0.0037973858,0.0018329826,-0.010235011,-0.015154759,0.007386979,0.018997634,0.007448165,0.00015694002,-0.018723289,-0.0018237144,0.00028820348,-0.0045562023,-0.020735385,-0.0070062024,-0.013525896,-0.004687285,0.003182461,-0.017545,-0.019460281,-0.009754676,0.011125533,0.009179794,0.025150761
-0.01583736,0.0140479235,0.010947903,0.0008946052,0.003757088,-0.00029973255,0.016406551,0.018130101,-0.0094794035,-0.0037973858,0.0018329826,-0.010235011,-0.015154759,0.007386979,0.018997634,0.007448165,0.00015694002,-0.018723289,-0.0018237144,0.00028820348,-0.0045562023,-0.020735385,-0.0070062024,-0.013525896,-0.004687285,0.003182461,-0.017545,-0.019460281,-0.009754676,0.011125533,0.009179794,0.025150761
0.22389129,0.07148629,-0.34456447,0.38480467,0.36208892,-0.025931384,0.1642783,-0.03040611,0.17345212,0.22913575,0.17974533,-0.43246946,0.2520498,-0.52335167,0.05254846,0.021463582,0.08586034,-0.91557866,0.064653404,0.46519667,-0.48963892,0.458494,-0.5351002,-0.122270614,-0.04363609,0.068534225,-0.112829134,0.2532243,-0.4524573,0.21411675,-0.10333334,-0.08433653
0.14881568,-0.26145098,-0.39284316,-0.59552926,-0.12576815,0.005176619,0.20114815,0.8822506,-0.1931687,-0.38087094,0.18294607,-0.021269113,0.19600154,-0.29456952,-0.42727724,0.49203143,-0.07745492,0.29471114,0.6778045,0.5721521,0.09817474,-0.29356378,-0.62722415,-0.7167992,-0.009426905,-0.21881673,0.34116304,-0.09652732,-0.14707375,0.48510078,0.3686351,-0.11792335
-0.3671669,-0.3740657,-0.12263376,0.050030325,-0.41211885,-0.11146297,0.23477942,0.6238917,0.18297796,-0.83974594,0.059004202,0.119248495,0.23742233,0.062441986,-0.22625168,0.2859297,-0.20559858,0.25191158,0.043259613,-0.055496648,0.348603,-0.10365889,0.35098457,-0.38389647,-0.2319562,0.093244284,0.014473088,-0.009803224,0.06666902,-0.018025821,-0.054312475,-0.35033512
-0.01583736,0.0140479235,0.010947903,0.0008946052,0.003757088,-0.00029973255,0.016406551,0.018130101,-0.0094794035,-0.0037973858,0.0018329826,-0.010235011,-0.015154759,0.007386979,0.018997634,0.007448165,0.00015694002,-0.018723289,-0.0018237144,0.00028820348,-0.0045562023,-0.020735385,-0.0070062024,-0.013525896,-0.004687285,0.003182461,-0.017545,-0.019460281,-0.009754676,0.011125533,0.009179794,0.025150761
-0.01583736,0.0140479235,0.010947903,0.0008946052,0.003757088,-0.00029973255,0.016406551,0.018130101,-0.0094794035,-0.0037973858,0.0018329826,-0.010235011,-0.015154759,0.007386979,0.018997634,0.007448165,0.00015694002,-0.018723289,-0.0018237144,0.00028820348,-0.0045562023,-0.020735385,-0.0070062024,-0.013525896,-0.004687285,0.003182461,-0.017545,-0.019460281,-0.009754676,0.011125533,0.009179794,0.025150761
-0.01583736,0.0140479235,0.010947903,0.0008946052,0.003757088,-0.00029973255,0.016406551,0.018130101,-0.0094794035,-0.0037973858,0.0018329826,-0.010235011,-0.015154759,0.007386979,0.018997634,0.007448165,0.00015694002,-0.018723289,-0.0018237144,0.00028820348,-0.0045562023,-0.020735385,-0.0070062024,-0.013525896,-0.004687285,0.003182461,-0.017545,-0.019460281,-0.009754676,0.011125533,0.009179794,0.025150761
-0.01583736,0.0140479235,0.010947903,0.0008946052,0.003757088,-0.00029973255,0.016406551,0.018130101,-0.0094794035,-0.0037973858,0.0018329826,-0.010235011,-0.015154759,0.007386979,0.018997634,0.007448165,0.00015694002,-0.018723289,-0.0018237144,0.00028820348,-0.0045562023,-0.020735385,-0.0070062024,-0.013525896,-0.004687285,0.003182461,-0.017545,-0.019460281,-0.009754676,0.011125533,0.009179794,0.025150761
-0.01583736,0.0140479235,0.010947903,0.0008946052,0.003757088,-0.00029973255,0.016406551,0.018130101,-0.0094794035,-0.0037973858,0.0018329826,-0.010235011,-0.015154759,0.007386979,0.018997634,0.007448165,0.00015694002,-0.018723289,-0.0018237144,0.00028820348,-0.0045562023,-0.020735385,-0.0070062024,-0.013525896,-0.004687285,0.003182461,-0.017545,-0.019460281,-0.009754676,0.011125533,0.009179794,0.025150761
-0.01583736,0.0140479235,0.010947903,0.0008946052,0.003757088,-0.00029973255,0.016406551,0.018130101,-0.0094794035,-0.0037973858,0.0018329826,-0.010235011,-0.015154759,0.007386979,0.018997634,0.007448165,0.00015694002,-0.018723289,-0.0018237144,0.00028820348,-0.0045562023,-0.020735385,-0.0070062024,-0.013525896,-0.004687285,0.003182461,-0.017545,-0.019460281,-0.009754676,0.011125533,0.009179794,0.025150761
-0.01583736,0.0140479235,0.010947903,0.0008946052,0.003757088,-0.00029973255,0.016406551,0.018130101,-0.0094794035,-0.0037973858,0.0018329826,-0.010235011,-0.015154759,0.007386979,0.018997634,0.007448165,0.00015694002,-0.018723289,-0.0018237144,0.00028820348,-0.0045562023,-0.020735385,-0.0070062024,-0.013525896,-0.004687285,0.003182461,-0.017545,-0.019460281,-0.009754676,0.011125533,0.009179794,0.025150761
-0.01583736,0.0140479235,0.010947903,0.0008946052,0.003757088,-0.00029973255,0.016406551,0.018130101,-0.0094794035,-0.0037973858,0.0018329826,-0.010235011,-0.015154759,0.007386979,0.018997634,0.007448165,0.00015694002,-0.018723289,-0.0018237144,0.00028820348,-0.0045562023,-0.020735385,-0.0070062024,-0.013525896,-0.004687285,0.003182461,-0.017545,-0.019460281,-0.009754676,0.011125533,0.009179794,0.025150761
-0.01583736,0.0140479235,0.010947903,0.0008946052,0.003757088,-0.00029973255,0.016406551,0.018130101,-0.0094794035,-0.0037973858,0.0018329826,-0.010235011,-0.015154759,0.007386979,0.018997634,0.007448165,0.00015694002,-0.018723289,-0.0018237144,0.00028820348,-0.0045562023,-0.020735385,-0.0070062024,-0.013525896,-0.004687285,0.003182461,-0.017545,-0.019460281,-0.009754676,0.011125533,0.009179794,0.025150761
-0.01583736,0.0140479235,0.010947903,0.0008946052,0.003757088,-0.00029973255,0.016406551,0.018130101,-0.0094794035,-0.0037973858,0.0018329826,-0.010235011,-0.015154759,0.007386979,0.018997634,0.007448165,0.00015694002,-0.018723289,-0.0018237144,0.00028820348,-0.0045562023,-0.020735385,-0.0070062024,-0.013525896,-0.004687285,0.003182461,-0.017545,-0.019460281,-0.009754676,0.011125533,0.009179794,0.025150761
-0.01583736,0.0140479235,0.010947903,0.0008946052,0.003757088,-0.00029973255,0.016406551,0.018130101,-0.0094794035,-0.0037973858,0.0018329826,-0.010235011,-0.015154759,0.007386979,0.018997634,0.007448165,0.00015694002,-0.018723289,-0.0018237144,0.00028820348,-0.0045562023,-0.020735385,-0.0070062024,-0.013525896,-0.004687285,0.003182461,-0.017545,-0.019460281,-0.009754676,0.011125533,0.009179794,0.025150761
-0.01583736,0.0140479235,0.010947903,0.0008946052,0.003757088,-0.00029973255,0.016406551,0.018130101,-0.0094794035,-0.0037973858,0.0018329826,-0.010235011,-0.015154759,0.007386979,0.018997634,0.007448165,0.00015694002,-0.018723289,-0.0018237144,0.00028820348,-0.0045562023,-0.020735385,-0.0070062024,-0.013525896,-0.004687285,0.003182461,-0.017545,-0.019460281,-0.009754676,0.011125533,0.009179794,0.025150761
-0.01583736,0.0140479235,0.010947903,0.0008946052,0.003757088,-0.00029973255,0.016406551,0.018130101,-0.0094794035,-0.0037973858,0.0018329826,-0.010235011,-0.015154759,0.007386979,0.018997634,0.007448165,0.00015694002,-0.018723289,-0.0018237144,0.00028820348,-0.0045562023,-0.020735385,-0.0070062024,-0.013525896,-0.004687285,0.003182461,-0.017545,-0.019460281,-0.009754676,0.011125533,0.009179794,0.025150761
-0.01583736,0.0140479235,0.010947903,0.0008946052,0.003757088,-0.00029973255,0.016406551,0.018130101,-0.0094794035,-0.0037973858,0.0018329826,-0.010235011,-0.015154759,0.007386979,0.018997634,0.007448165,0.00015694002,-0.018723289,-0.0018237144,0.00028820348,-0.0045562023,-0.020735385,-0.0070062024,-0.013525896,-0.004687285,0.003182461,-0.017545,-0.019460281,-0.009754676,0.011125533,0.009179794,0.025150761
-0.01583736,0.0140479235,0.010947903,0.0008946052,0.003757088,-0.00029973255,0.016406551,0.018130101,-0.0094794035,-0.0037973858,0.0018329826,-0.010235011,-0.015154759,0.007386979,0.018997634,0.007448165,0.00015694002,-0.018723289,-0.0018237144,0.00028820348,-0.0045562023,-0.020735385,-0.0070062024,-0.013525896,-0.004687285,0.003182461,-0.017545,-0.019460281,-0.009754676,0.011125533,0.009179794,0.025150761
-0.01583736,0.0140479235,0.010947903,0.0008946052,0.003757088,-0.00029973255,0.016406551,0.018130101,-0.0094794035,-0.0037973858,0.0018329826,-0.010235011,-0.015154759,0.007386979,0.018997634,0.007448165,0.00015694002,-0.018723289,-0.0018237144,0.00028820348,-0.0045562023,-0.020735385,-0.0070062024,-0.013525896,-0.004687285,0.003182461,-0.017545,-0.019460281,-0.009754676,0.011125533,0.009179794,0.025150761
-0.01583736,0.0140479235,0.010947903,0.0008946052,0.003757088,-0.00029973255,0.016406551,0.018130101,-0.0094794035,-0.0037973858,0.0018329826,-0.010235011,-0.015154759,0.007386979,0.018997634,0.007448165,0.00015694002,-0.018723289,-0.0018237144,0.00028820348,-0.0045562023,-0.020735385,-0.0070062024,-0.013525896,-0.004687285,0.003182461,-0.017545,-0.019460281,-0.009754676,0.011125533,0.009179794,0.025150761
-0.01583736,0.0140479235,0.010947903,0.0008946052,0.003757088,-0.00029973255,0.016406551,0.018130101,-0.0094794035,-0.0037973858,0.0018329826,-0.010235011,-0.015154759,0.007386979,0.018997634,0.007448165,0.00015694002,-0.018723289,-0.0018237144,0.00028820348,-0.0045562023,-0.020735385,-0.0070062024,-0.013525896,-0.004687285,0.003182461,-0.017545,-0.019460281,-0.009754676,0.011125533,0.009179794,0.025150761
-0.01583736,0.0140479235,0.010947903,0.0008946052,0.003757088,-0.00029973255,0.016406551,0.018130101,-0.0094794035,-0.0037973858,0.0018329826,-0.010235011,-0.015154759,0.007386979,0.018997634,0.007448165,0.00015694002,-0.018723289,-0.0018237144,0.00028820348,-0.0045562023,-0.020735385,-0.0070062024,-0.013525896,-0.004687285,0.003182461,-0.017545,-0.019460281,-0.009754676,0.011125533,0.009179794,0.025150761
-0.01583736,0.0140479235,0.010947903,0.0008946052,0.003757088,-0.00029973255,0.016406551,0.018130101,-0.0094794035,-0.0037973858,0.0018329826,-0.010235011,-0.015154759,0.007386979,0.018997634,0.007448165,0.00015694002,-0.018723289,-0.0018237144,0.00028820348,-0.0045562023,-0.020735385,-0.0070062024,-0.013525896,-0.004687285,0.003182461,-0.017545,-0.019460281,-0.009754676,0.011125533,0.009179794,0.025150761
-0.01583736,0.0140479235,0.010947903,0.0008946052,0.003757088,-0.00029973255,0.016406551,0.018130101,-0.0094794035,-0.0037973858,0.0018329826,-0.010235011,-0.015154759,0.007386979,0.018997634,0.007448165,0.00015694002,-0.018723289,-0.0018237144,0.00028820348,-0.0045562023,-0.020735385,-0.0070062024,-0.013525896,-0.004687285,0.003182461,-0.017545,-0.019460281,-0.009754676,0.011125533,0.009179794,0.025150761
-0.01583736,0.0140479235,0.010947903,0.0008946052,0.003757088,-0.00029973255,0.016406551,0.018130101,-0.0094794035,-0.0037973858,0.0018329826,-0.010235011,-0.015154759,0.007386979,0.018997634,0.007448165,0.00015694002,-0.018723289,-0.0018237144,0.00028820348,-0.0045562023,-0.020735385,-0.0070062024,-0.013525896,-0.004687285,0.003182461,-0.017545,-0.019460281,-0.009754676,0.011125533,0.009179794,0.025150761
-0.01583736,0.0140479235,0.010947903,0.0008946052,0.003757088,-0.00029973255,0.016406551,0.018130101,-0.0094794035,-0.0037973858,0.0018329826,-0.010235011,-0.015154759,0.007386979,0.018997634,0.007448165,0.00015694002,-0.018723289,-0.0018237144,0.00028820348,-0.0045562023,-0.020735385,-0.0070062024,-0.013525896,-0.004687285,0.003182461,-0.017545,-0.019460281,-0.009754676,0.011125533,0.009179794,0.025150761
-0.01583736,0.0140479235,0.010947903,0.0008946052,0.003757088,-0.00029973255,0.016406551,0.018130101,-0.0094794035,-0.0037973858,0.0018329826,-0.010235011,-0.015154759,0.007386979,0.018997634,0.007448165,0.00015694002,-0.018723289,-0.0018237144,0.00028820348,-0.0045562023,-0.020735385,-0.0070062024,-0.013525896,-0.004687285,0.003182461,-0.017545,-0.019460281,-0.009754676,0.011125533,0.009179794,0.025150761
-0.01583736,0.0140479235,0.010947903,0.0008946052,0.003757088,-0.00029973255,0.016406551,0.018130101,-0.0094794035,-0.0037973858,0.0018329826,-0.010235011,-0.015154759,0.007386979,0.018997634,0.007448165,0.00015694002,-0.018723289,-0.0018237144,0.00028820348,-0.0045562023,-0.020735385,-0.0070062024,-0.013525896,-0.004687285,0.003182461,-0.017545,-0.019460281,-0.009754676,0.011125533,0.009179794,0.025150761
-0.01583736,0.0140479235,0.010947903,0.0008946052,0.003757088,-0.00029973255,0.016406551,0.018130101,-0.0094794035,-0.0037973858,0.0018329826,-0.010235011,-0.015154759,0.007386979,0.018997634,0.007448165,0.00015694002,-0.018723289,-0.0018237144,0.00028820348,-0.0045562023,-0.020735385,-0.0070062024,-0.013525896,-0.004687285,0.003182461,-0.017545,-0.019460281,-0.009754676,0.011125533,0.009179794,0.025150761
-0.01583736,0.0140479235,0.010947903,0.0008946052,0.003757088,-0.00029973255,0.016406551,0.018130101,-0.0094794035,-0.0037973858,0.0018329826,-0.010235011,-0.015154759,0.007386979,0.018997634,0.007448165,0.00015694002,-0.018723289,-0.0018237144,0.00028820348,-0.0045562023,-0.020735385,-0.0070062024,-0.013525896,-0.004687285,0.003182461,-0.017545,-0.019460281,-0.009754676,0.011125533,0.009179794,0.025150761
-0.01583736,0.0140479235,0.010947903,0.0008946052,0.003757088,-0.00029973255,0.016406551,0.018130101,-0.0094794035,-0.0037973858,0.0018329826,-0.010235011,-0.015154759,0.007386979,0.018997634,0.007448165,0.00015694002,-0.018723289,-0.0018237144,0.00028820348,-0.0045562023,-0.020735385,-0.0070062024,-0.013525896,-0.004687285,0.003182461,-0.017545,-0.019460281,-0.009754676,0.011125533,0.009179794,0.025150761
-0.09131725,-0.18543662,0.38925037,-0.20464249,0.21726999,0.25544253,0.3798592,-0.04757861,0.08193658,-0.28900614,-0.056552656,-0.44459152,-0.18031763,-0.16168314,0.7506382,-0.1338153,-0.14061722,-0.1538347,0.048787165,0.7464045,-0.4804407,0.39916718,0.06282244,-0.18263501,0.29200396,0.027580889,0.081513405,-0.10546453,-0.16038987,0.2294569,-0.044236097,-0.3497457
0.43544778,-0.34751615,0.17971583,-0.42732856,-0.35931906,-0.09950675,-0.16213562,0.68980485,-0.11898858,-0.16570607,-0.19638366,-0.3433448,-0.026558224,-0.05822945,-0.05236797,0.016329095,-0.22358875,0.46206552,0.5928854,0.3722959,0.07588988,0.42798132,-0.30305275,-0.41654605,0.07866737,-0.35409403,0.4030316,0.064633615,0.14389072,0.7324526,0.17543408,0.12457222
-0.044504542,-0.32007885,0.020210624,-0.20333953,-0.25071305,-0.3936399,-0.07111785,0.49387315,0.08857679,-0.16614449,-0.112398505,-0.22228372,-0.020783726,0.14779559,-0.18030503,-0.08455009,-0.233617,0.124361,0.029403014,0.014979243,0.20353788,0.2335608,-0.044065945,0.03248325,-0.1911928,0.028811583,0.4078316,-0.11333536,0.07520144,0.09635311,0.15880696,-0.13732752
-0.01583736,0.0140479235,0.010947903,0.0008946052,0.003757088,-0.00029973255,0.016406551,0.018130101,-0.0094794035,-0.0037973858,0.0018329826,-0.010235011,-0.015154759,0.007386979,0.018997634,0.007448165,0.00015694002,-0.018723289,-0.0018237144,0.00028820348,-0.0045562023,-0.020735385,-0.0070062024,-0.013525896,-0.004687285,0.003182461,-0.017545,-0.019460281,-0.009754676,0.011125533,0.009179794,0.025150761
-0.01583736,0.0140479235,0.010947903,0.0008946052,0.003757088,-0.00029973255,0.016406551,0.018130101,-0.0094794035,-0.0037973858,0.0018329826,-0.010235011,-0.015154759,0.007386979,0.018997634,0.007448165,0.00015694002,-0.018723289,-0.0018237144,0.00028820348,-0.0045562023,-0.020735385,-0.0070062024,-0.013525896,-0.004687285,0.003182461,-0.017545,-0.019460281,-0.009754676,0.011125533,0.009179794,0.025150761
-0.01583736,0.0140479235,0.010947903,0.0008946052,0.003757088,-0.00029973255,0.016406551,0.018130101,-0.0094794035,-0.0037973858,0.0018329826,-0.010235011,-0.015154759,0.007386979,0.018997634,0.007448165,0.00015694002,-0.018723289,-0.0018237144,0.00028820348,-0.0045562023,-0.020735385,-0.0070062024,-0.013525896,-0.004687285,0.003182461,-0.017545,-0.019460281,-0.009754676,0.011125533,0.009179794,0.025150761
-0.01583736,0.0140479235,0.010947903,0.0008946052,0.003757088,-0.00029973255,0.016406551,0.018130101,-0.0094794035,-0.0037973858,0.0018329826,-0.010235011,-0.015154759,0.007386979,0.018997634,0.007448165,0.00015694002,-0.018723289,-0.0018237144,0.00028820348,-0.0045562023,-0.020735385,-0.0070062024,-0.013525896,-0.004687285,0.003182461,-0.017545,-0.019460281,-0.009754676,0.011125533,0.009179794,0.025150761
-0.01583736,0.0140479235,0.010947903,0.0008946052,0.003757088,-0.00029973255,0.016406551,0.018130101,-0.0094794035,-0.0037973858,0.0018329826,-0.010235011,-0.015154759,0.007386979,0.018997634,0.007448165,0.00015694002,-0.018723289,-0.0018237144,0.00028820348,-0.0045562023,-0.020735385,-0.0070062024,-0.013525896,-0.004687285,0.003182461,-0.017545,-0.019460281,-0.009754676,0.011125533,0.009179794,0.025150761
-0.01583736,0.0140479235,0.010947903,0.0008946052,0.003757088,-0.00029973255,0.016406551,0.018130101,-0.0094794035,-0.0037973858,0.0018329826,-0.010235011,-0.015154759,0.007386979,0.018997634,0.007448165,0.00015694002,-0.018723289,-0.0018237144,0.00028820348,-0.0045562023,-0.020735385,-0.0070062024,-0.013525896,-0.004687285,0.003182461,-0.017545,-0.019460281,-0.009754676,0.011125533,0.009179794,0.025150761
-0.01583736,0.0140479235,0.010947903,0.0008946052,0.003757088,-0.00029973255,0.016406551,0.018130101,-0.0094794035,-0.0037973858,0.0018329826,-0.010235011,-0.015154759,0.007386979,0.018997634,0.007448165,0.00015694002,-0.018723289,-0.0018237144,0.00028820348,-0.0045562023,-0.020735385,-0.0070062024,-0.013525896,-0.004687285,0.003182461,-0.017545,-0.019460281,-0.009754676,0.011125533,0.009179794,0.025150761
-0.01583736,0.0140479235,0.010947903,0.0008946052,0.003757088,-0.00029973255,0.016406551,0.018130101,-0.0094794035,-0.0037973858,0.0018329826,-0.010235011,-0.015154759,0.007386979,0.018997634,0.007448165,0.00015694002,-0.018723289,-0.0018237144,0.00028820348,-0.0045562023,-0.020735385,-0.0070062024,-0.013525896,-0.004687285,0.003182461,-0.017545,-0.019460281,-0.009754676,0.011125533,0.009179794,0.025150761
-0.01583736,0.0140479235,0.010947903,0.0008946052,0.003757088,-0.00029973255,0.016406551,0.018130101,-0.0094794035,-0.0037973858,0.0018329826,-0.010235011,-0.015154759,0.007386979,0.018997634,0.007448165,0.00015694002,-0.018723289,-0.0018237144,0.00028820348,-0.0045562023,-0.020735385,-0.0070062024,-0.013525896,-0.004687285,0.003182461,-0.017545,-0.019460281,-0.009754676,0.011125533,0.009179794,0.025150761
-0.01583736,0.0140479235,0.010947903,0.0008946052,0.003757088,-0.00029973255,0.016406551,0.018130101,-0.0094794035,-0.0037973858,0.0018329826,-0.010235011,-0.015154759,0.007386979,0.018997634,0.007448165,0.00015694002,-0.018723289,-0.0018237144,0.00028820348,-0.0045562023,-0.020735385,-0.0070062024,-0.013525896,-0.004687285,0.003182461,-0.017545,-0.019460281,-0.009754676,0.011125533,0.009179794,0.025150761
-0.01583736,0.0140479235,0.010947903,0.0008946052,0.003757088,-0.00029973255,0.016406551,0.018130101,-0.0094794035,-0.0037973858,0.0018329826,-0.010235011,-0.015154759,0.007386979,0.018997634,0.007448165,0.00015694002,-0.018723289,-0.0018237144,0.00028820348,-0.0045562023,-0.020735385,-0.0070062024,-0.013525896,-0.004687285,0.003182461,-0.017545,-0.019460281,-0.009754676,0.011125533,0.009179794,0.025150761
-0.01583736,0.0140479235,0.010947903,0.0008946052,0.003757088,-0.00029973255,0.016406551,0.018130101,-0.0094794035,-0.0037973858,0.0018329826,-0.010235011,-0.015154759,0.007386979,0.018997634,0.007448165,0.00015694002,-0.018723289,-0.0018237144,0.00028820348,-0.0045562023,-0.020735385,-0.0070062024,-0.013525896,-0.004687285,0.003182461,-0.017545,-0.019460281,-0.009754676,0.011125533,0.009179794,0.025150761
-0.01583736,0.0140479235,0.010947903,0.0008946052,0.003757088,-0.00029973255,0.016406551,0.018130101,-0.0094794035,-0.0037973858,0.0018329826,-0.010235011,-0.015154759,0.007386979,0.018997634,0.007448165,0.00015694002,-0.018723289,-0.0018237144,0.00028820348,-0.0045562023,-0.020735385,-0.0070062024,-0.013525896,-0.004687285,0.003182461,-0.017545,-0.019460281,-0.009754676,0.011125533,0.009179794,0.025150761
-0.01583736,0.0140479235,0.010947903,0.0008946052,0.003757088,-0.00029973255,0.016406551,0.018130101,-0.0094794035,-0.0037973858,0.0018329826,-0.010235011,-0.015154759,0.007386979,0.018997634,0.007448165,0.00015694002,-0.018723289,-0.0018237144,0.00028820348,-0.0045562023,-0.020735385,-0.0070062024,-0.013525896,-0.004687285,0.003182461,-0.017545,-0.019460281,-0.009754676,0.011125533,0.009179794,0.025150761
-0.01583736,0.0140479235,0.010947903,0.0008946052,0.003757088,-0.00029973255,0.016406551,0.018130101,-0.0094794035,-0.0037973858,0.0018329826,-0.010235011,-0.015154759,0.007386979,0.018997634,0.007448165,0.00015694002,-0.018723289,-0.0018237144,0.00028820348,-0.0045562023,-0.020735385,-0.0070062024,-0.013525896,-0.004687285,0.003182461,-0.017545,-0.019460281,-0.009754676,0.011125533,0.009179794,0.025150761
-0.01583736,0.0140479235,0.010947903,0.0008946052,0.003757088,-0.00029973255,0.016406551,0.018130101,-0.0094794035,-0.0037973858,0.0018329826,-0.010235011,-0.015154759,0.007386979,0.018997634,0.007448165,0.00015694002,-0.018723289,-0.0018237144,0.00028820348,-0.0045562023,-0.020735385,-0.0070062024,-0.013525896,-0.004687285,0.003182461,-0.017545,-0.019460281,-0.009754676,0.011125533,0.009179794,0.025150761
-0.01583736,0.0140479235,0.010947903,0.0008946052,0.003757088,-0.00029973255,0.016406551,0.018130101,-0.0094794035,-0.0037973858,0.0018329826,-0.010235011,-0.015154759,0.007386979,0.018997634,0.007448165,0.00015694002,-0.018723289,-0.0018237144,0.00028820348,-0.0045562023,-0.020735385,-0.0070062024,-0.013525896,-0.004687285,0.003182461,-0.017545,-0.019460281,-0.009754676,0.011125533,0.009179794,0.025150761
-0.01583736,0.0140479235,0.010947903,0.0008946052,0.003757088,-0.00029973255,0.016406551,0.018130101,-0.0094794035,-0.0037973858,0.0018329826,-0.010235011,-0.015154759,0.007386979,0.018997634,0.007448165,0.00015694002,-0.018723289,-0.0018237144,0.00028820348,-0.0045562023,-0.020735385,-0.0070062024,-0.013525896,-0.004687285,0.003182461,-0.017545,-0.019460281,-0.009754676,0.011125533,0.009179794,0.025150761
-0.01583736,0.0140479235,0.010947903,0.0008946052,0.003757088,-0.00029973255,0.016406551,0.018130101,-0.0094794035,-0.0037973858,0.0018329826,-0.010235011,-0.015154759,0.007386979,0.018997634,0.007448165,0.00015694002,-0.018723289,-0.0018237144,0.00028820348,-0.0045562023,-0.020735385,-0.0070062024,-0.013525896,-0.004687285,0.003182461,-0.017545,-0.019460281,-0.009754676,0.011125533,0.009179794,0.025150761
-0.01583736,0.0140479235,0.010947903,0.0008946052,0.003757088,-0.00029973255,0.016406551,0.018130101,-0.0094794035,-0.0037973858,0.0018329826,-0.010235011,-0.015154759,0.007386979,0.018997634,0.007448165,0.00015694002,-0.018723289,-0.0018237144,0.00028820348,-0.0045562023,-0.020735385,-0.0070062024,-0.013525896,-0.004687285,0.003182461,-0.017545,-0.019460281,-0.009754676,0.011125533,0.009179794,0.025150761
-0.01583736,0.0140479235,0.010947903,0.0008946052,0.003757088,-0.00029973255,0.016406551,0.018130101,-0.0094794035,-0.0037973858,0.0018329826,-0.010235011,-0.015154759,0.007386979,0.018997634,0.007448165,0.00015694002,-0.018723289,-0.0018237144,0.00028820348,-0.0045562023,-0.020735385,-0.0070062024,-0.013525896,-0.004687285,0.003182461,-0.017545,-0.019460281,-0.009754676,0.011125533,0.009179794,0.025150761
-0.01583736,0.0140479235,0.010947903,0.0008946052,0.003757088,-0.00029973255,0.016406551,0.018130101,-0.0094794035,-0.0037973858,0.0018329826,-0.010235011,-0.015154759,0.007386979,0.018997634,0.007448165,0.00015694002,-0.018723289,-0.0018237144,0.00028820348,-0.0045562023,-0.020735385,-0.0070062024,-0.013525896,-0.004687285,0.003182461,-0.017545,-0.019460281,-0.009754676,0.011125533,0.009179794,0.025150761
-0.01583736,0.0140479235,0.010947903,0.0008946052,0.003757088,-0.00029973255,0.016406551,0.018130101,-0.0094794035,-0.0037973858,0.0018329826,-0.010235011,-0.015154759,0.007386979,0.018997634,0.007448165,0.00015694002,-0.018723289,-0.0018237144,0.00028820348,-0.0045562023,-0.020735385,-0.0070062024,-0.013525896,-0.004687285,0.003182461,-0.017545,-0.019460281,-0.009754676,0.011125533,0.009179794,0.025150761
-0.01583736,0.0140479235,0.010947903,0.0008946052,0.003757088,-0.00029973255,0.016406551,0.018130101,-0.0094794035,-0.0037973858,0.0018329826,-0.010235011,-0.015154759,0.007386979,0.018997634,0.007448165,0.00015694002,-0.018723289,-0.0018237144,0.00028820348,-0.0045562023,-0.020735385,-0.0070062024,-0.013525896,-0.004687285,0.003182461,-0.017545,-0.019460281,-0.009754676,0.011125533,0.009179794,0.025150761
-0.01583736,0.0140479235,0.010947903,0.0008946052,0.003757088,-0.00029973255,0.016406551,0.018130101,-0.0094794035,-0.0037973858,0.0018329826,-0.010235011,-0.015154759,0.007386979,0.018997634,0.007448165,0.00015694002,-0.018723289,-0.0018237144,0.00028820348,-0.0045562023,-0.020735385,-0.0070062024,-0.013525896,-0.004687285,0.003182461,-0.017545,-0.019460281,-0.009754676,0.011125533,0.009179794,0.025150761
-0.01583736,0.0140479235,0.010947903,0.0008946052,0.003757088,-0.00029973255,0.016406551,0.018130101,-0.0094794035,-0.0037973858,0.0018329826,-0.010235011,-0.015154759,0.007386979,0.018997634,0.007448165,0.00015694002,-0.018723289,-0.0018237144,0.00028820348,-0.0045562023,-0.020735385,-0.0070062024,-0.013525896,-0.004687285,0.003182461,-0.017545,-0.019460281,-0.009754676,0.011125533,0.009179794,0.025150761
-0.01583736,0.0140479235,0.010947903,0.0008946052,0.003757088,-0.00029973255,0.016406551,0.018130101,-0.0094794035,-0.0037973858,0.0018329826,-0.010235011,-0.015154759,0.007386979,0.018997634,0.007448165,0.00015694002,-0.018723289,-0.0018237144,0.00028820348,-0.0045562023,-0.020735385,-0.0070062024,-0.013525896,-0.004687285,0.003182461,-0.017545,-0.019460281,-0.009754676,0.011125533,0.009179794,0.025150761
-0.01583736,0.0140479235,0.010947903,0.0008946052,0.003757088,-0.00029973255,0.016406551,0.018130101,-0.0094794035,-0.0037973858,0.0018329826,-0.010235011,-0.015154759,0.007386979,0.018997634,0.007448165,0.00015694002,-0.018723289,-0.0018237144,0.00028820348,-0.0045562023,-0.020735385,-0.0070062024,-0.013525896,-0.004687285,0.003182461,-0.017545,-0.019460281,-0.009754676,0.011125533,0.009179794,0.025150761
0.072996095,0.24469449,0.20493503,0.20138538,-0.042474188,0.61988086,0.64990175,0.36546463,0.3068906,0.13510604,0.113682315,-0.50100625,0.14043964,-0.091435544,0.09591047,-0.54878044,-0.0077061597,-0.509705,-0.07857125,0.55435365,-0.60032266,0.19291453,-0.3777869,0.032205395,0.2776555,0.031870026,-0.016947921,-0.2095464,0.12790395,0.6487031,-0.092808776,-0.2125375
0.48901886,-0.33812496,-0.19051147,-0.6343793,-0.2353025,-0.0664644,0.22910288,0.5787327,-0.25414073,-0.31785065,-0.136836,-0.4393626,0.68011785,-0.3539458,0.37828428,-0.09579556,-0.7633989,0.7255582,0.641602,0.69363344,-0.024905857,0.39403734,-0.6773599,-0.19910213,-0.023001065,-0.48604026,0.45871466,-0.039761916,0.113897234,1.059478,0.3738258,-0.085150816
0.3363953,-0.4985171,-0.16589312,-0.28029466,-0.38187668,-0.1626982,0.11842148,0.23192057,-0.092140764,-0.48412734,-0.070848376,-0.2745321,0.43155462,-0.0024616378,0.00055527687,-0.023311883,-0.6128953,0.66377956,0.4349562,0.03690197,0.15527107,-0.13264368,-0.28765914,-0.2888835,-0.352516,-0.040659837,0.08960402,-0.10384428,0.5796668,0.13000675,0.44896844,0.004076831
-0.01583736,0.0140479235,0.010947903,0.0008946052,0.003757088,-0.00029973255,0.016406551,0.018130101,-0.0094794035,-0.0037973858,0.0018329826,-0.010235011,-0.015154759,0.007386979,0.018997634,0.007448165,0.00015694002,-0.018723289,-0.0018237144,0.00028820348,-0.0045562023,-0.020735385,-0.0070062024,-0.013525896,-0.004687285,0.003182461,-0.017545,-0.019460281,-0.009754676,0.011125533,0.009179794,0.025150761
-0.01583736,0.0140479235,0.010947903,0.0008946052,0.003757088,-0.00029973255,0.016406551,0.018130101,-0.0094794035,-0.0037973858,0.0018329826,-0.010235011,-0.015154759,0.007386979,0.018997634,0.007448165,0.00015694002,-0.018723289,-0.0018237144,0.00028820348,-0.0045562023,-0.020735385,-0.0070062024,-0.013525896,-0.004687285,0.003182461,-0.017545,-0.019460281,-0.009754676,0.011125533,0.009179794,0.025150761
-0.01583736,0.0140479235,0.010947903,0.0008946052,0.003757088,-0.00029973255,0.016406551,0.018130101,-0.0094794035,-0.0037973858,0.0018329826,-0.010235011,-0.015154759,0.007386979,0.018997634,0.007448165,0.00015694002,-0.018723289,-0.0018237144,0.00028820348,-0.0045562023,-0.020735385,-0.0070062024,-0.013525896,-0.004687285,0.003182461,-0.017545,-0.019460281,-0.009754676,0.011125533,0.009179794,0.025150761
-0.01583736,0.0140479235,0.010947903,0.0008946052,0.003757088,-0.00029973255,0.016406551,0.018130101,-0.0094794035,-0.0037973858,0.0018329826,-0.010235011,-0.015154759,0.007386979,0.018997634,0.007448165,0.00015694002,-0.018723289,-0.0018237144,0.00028820348,-0.0045562023,-0.020735385,-0.0070062024,-0.013525896,-0.004687285,0.003182461,-0.017545,-0.019460281,-0.009754676,0.011125533,0.009179794,0.025150761
-0.01583736,0.0140479235,0.010947903,0.0008946052,0.003757088,-0.00029973255,0.016406551,0.018130101,-0.0094794035,-0.0037973858,0.0018329826,-0.010235011,-0.015154759,0.007386979,0.018997634,0.007448165,0.00015694002,-0.018723289,-0.0018237144,0.00028820348,-0.0045562023,-0.020735385,-0.0070062024,-0.013525896,-0.004687285,0.003182461,-0.017545,-0.019460281,-0.009754676,0.011125533,0.009179794,0.025150761
-0.01583736,0.0140479235,0.010947903,0.0008946052,0.003757088,-0.00029973255,0.016406551,0.018130101,-0.0094794035,-0.0037973858,0.0018329826,-0.010235011,-0.015154759,0.007386979,0.018997634,0.007448165,0.00015694002,-0.018723289,-0.0018237144,0.00028820348,-0.0045562023,-0.020735385,-0.0070062024,-0.013525896,-0.004687285,0.003182461,-0.017545,-0.019460281,-0.009754676,0.011125533,0.009179794,0.025150761
-0.01583736,0.0140479235,0.010947903,0.0008946052,0.003757088,-0.00029973255,0.016406551,0.018130101,-0.0094794035,-0.0037973858,0.0018329826,-0.010235011,-0.015154759,0.007386979,0.018997634,0.007448165,0.00015694002,-0.018723289,-0.0018237144,0.00028820348,-0.0045562023,-0.020735385,-0.0070062024,-0.013525896,-0.004687285,0.003182461,-0.017545,-0.019460281,-0.009754676,0.011125533,0.009179794,0.025150761
-0.01583736,0.0140479235,0.010947903,0.0008946052,0.003757088,-0.00029973255,0.016406551,0.018130101,-0.0094794035,-0.0037973858,0.0018329826,-0.010235011,-0.015154759,0.007386979,0.018997634,0.007448165,0.00015694002,-0.018723289,-0.0018237144,0.00028820348,-0.0045562023,-0.020735385,-0.0070062024,-0.013525896,-0.004687285,0.003182461,-0.017545,-0.019460281,-0.009754676,0.011125533,0.009179794,0.025150761
-0.01583736,0.0140479235,0.010947903,0.0008946052,0.003757088,-0.00029973255,0.016406551,0.018130101,-0.0094794035,-0.0037973858,0.0018329826,-0.010235011,-0.015154759,0.007386979,0.018997634,0.007448165,0.00015694002,-0.018723289,-0.0018237144,0.00028820348,-0.0045562023,-0.020735385,-0.0070062024,-0.013525896,-0.004687285,0.003182461,-0.017545,-0.019460281,-0.009754676,0.011125533,0.009179794,0.025150761
-0.01583736,0.0140479235,0.010947903,0.0008946052,0.003757088,-0.00029973255,0.016406551,0.018130101,-0.0094794035,-0.0037973858,0.0018329826,-0.010235011,-0.015154759,0.007386979,0.018997634,0.007448165,0.00015694002,-0.018723289,-0.0018237144,0.00028820348,-0.0045562023,-0.020735385,-0.0070062024,-0.013525896,-0.004687285,0.003182461,-0.017545,-0.019460281,-0.009754676,0.011125533,0.009179794,0.025150761
-0.01583736,0.0140479235,0.010947903,0.0008946052,0.003757088,-0.00029973255,0.016406551,0.018130101,-0.0094794035,-0.0037973858,0.0018329826,-0.010235011,-0.015154759,0.007386979,0.018997634,0.007448165,0.00015694002,-0.018723289,-0.0018237144,0.00028820348,-0.0045562023,-0.020735385,-0.0070062024,-0.013525896,-0.004687285,0.003182461,-0.017545,-0.019460281,-0.009754676,0.011125533,0.009179794,0.025150761
-0.01583736,0.0140479235,0.010947903,0.0008946052,0.003757088,-0.00029973255,0.016406551,0.018130101,-0.0094794035,-0.0037973858,0.0018329826,-0.010235011,-0.015154759,0.007386979,0.018997634,0.007448165,0.00015694002,-0.018723289,-0.0018237144,0.00028820348,-0.0045562023,-0.020735385,-0.0070062024,-0.013525896,-0.004687285,0.003182461,-0.017545,-0.019460281,-0.009754676,0.011125533,0.009179794,0.025150761
-0.01583736,0.0140479235,0.010947903,0.0008946052,0.003757088,-0.00029973255,0.016406551,0.018130101,-0.0094794035,-0.0037973858,0.0018329826,-0.010235011,-0.015154759,0.007386979,0.018997634,0.007448165,0.00015694002,-0.018723289,-0.0018237144,0.00028820348,-0.0045562023,-0.020735385,-0.0070062024,-0.013525896,-0.004687285,0.003182461,-0.017545,-0.019460281,-0.009754676,0.011125533,0.009179794,0.025150761
-0.01583736,0.0140479235,0.010947903,0.0008946052,0.003757088,-0.00029973255,0.016406551,0.018130101,-0.0094794035,-0.0037973858,0.0018329826,-0.010235011,-0.015154759,0.007386979,0.018997634,0.007448165,0.00015694002,-0.018723289,-0.0018237144,0.00028820348,-0.0045562023,-0.020735385,-0.0070062024,-0.013525896,-0.004687285,0.003182461,-0.017545,-0.019460281,-0.009754676,0.011125533,0.009179794,0.025150761
-0.01583736,0.0140479235,0.010947903,0.0008946052,0.003757088,-0.00029973255,0.016406551,0.018130101,-0.0094794035,-0.0037973858,0.0018329826,-0.010235011,-0.015154759,0.007386979,0.018997634,0.007448165,0.00015694002,-0.018723289,-0.0018237144,0.00028820348,-0.0045562023,-0.020735385,-0.0070062024,-0.013525896,-0.004687285,0.003182461,-0.017545,-0.019460281,-0.009754676,0.011125533,0.009179794,0.025150761
-0.01583736,0.0140479235,0.010947903,0.0008946052,0.003757088,-0.00029973255,0.016406551,0.018130101,-0.0094794035,-0.0037973858,0.0018329826,-0.010235011,-0.015154759,0.007386979,0.018997634,0.007448165,0.00015694002,-0.018723289,-0.0018237144,0.00028820348,-0.0045562023,-0.020735385,-0.0070062024,-0.013525896,-0.004687285,0.003182461,-0.017545,-0.019460281,-0.009754676,0.011125533,0.009179794,0.025150761
-0.01583736,0.0140479235,0.010947903,0.0008946052,0.003757088,-0.00029973255,0.016406551,0.018130101,-0.0094794035,-0.0037973858,0.0018329826,-0.010235011,-0.015154759,0.007386979,0.018997634,0.007448165,0.00015694002,-0.018723289,-0.0018237144,0.00028820348,-0.0045562023,-0.020735385,-0.0070062024,-0.013525896,-0.004687285,0.003182461,-0.017545,-0.019460281,-0.009754676,0.011125533,0.009179794,0.025150761
-0.01583736,0.0140479235,0.010947903,0.0008946052,0.003757088,-0.00029973255,0.016406551,0.018130101,-0.0094794035,-0.0037973858,0.0018329826,-0.010235011,-0.015154759,0.007386979,0.018997634,0.007448165,0.00015694002,-0.018723289,-0.0018237144,0.00028820348,-0.0045562023,-0.020735385,-0.0070062024,-0.013525896,-0.004687285,0.003182461,-0.017545,-0.019460281,-0.009754676,0.011125533,0.009179794,0.025150761
-0.01583736,0.0140479235,0.010947903,0.0008946052,0.003757088,-0.00029973255,0.016406551,0.018130101,-0.0094794035,-0.0037973858,0.0018329826,-0.010235011,-0.015154759,0.007386979,0.018997634,0.007448165,0.00015694002,-0.018723289,-0.0018237144,0.00028820348,-0.0045562023,-0.020735385,-0.0070062024,-0.013525896,-0.004687285,0.003182461,-0.017545,-0.019460281,-0.009754676,0.011125533,0.009179794,0.025150761
-0.01583736,0.0140479235,0.010947903,0.0008946052,0.003757088,-0.00029973255,0.016406551,0.018130101,-0.0094794035,-0.0037973858,0.0018329826,-0.010235011,-0.015154759,0.007386979,0.018997634,0.007448165,0.00015694002,-0.018723289,-0.0018237144,0.00028820348,-0.0045562023,-0.020735385,-0.0070062024,-0.013525896,-0.004687285,0.003182461,-0.017545,-0.019460281,-0.009754676,0.011125533,0.009179794,0.025150761
-0.01583736,0.0140479235,0.010947903,0.0008946052,0.003757088,-0.00029973255,0.016406551,0.018130101,-0.0094794035,-0.0037973858,0.0018329826,-0.010235011,-0.015154759,0.007386979,0.018997634,0.007448165,0.00015694002,-0.018723289,-0.0018237144,0.00028820348,-0.0045562023,-0.020735385,-0.0070062024,-0.013525896,-0.004687285,0.003182461,-0.017545,-0.019460281,-0.009754676,0.011125533,0.009179794,0.025150761
-0.01583736,0.0140479235,0.010947903,0.0008946052,0.003757088,-0.00029973255,0.016406551,0.018130101,-0.0094794035,-0.0037973858,0.0018329826,-0.010235011,-0.015154759,0.007386979,0.018997634,0.007448165,0.00015694002,-0.018723289,-0.0018237144,0.00028820348,-0.0045562023,-0.020735385,-0.0070062024,-0.013525896,-0.004687285,0.003182461,-0.017545,-0.019460281,-0.009754676,0.011125533,0.009179794,0.025150761
-0.01583736,0.0140479235,0.010947903,0.0008946052,0.003757088,-0.00029973255,0.016406551,0.018130101,-0.0094794035,-0.0037973858,0.0018329826,-0.010235011,-0.015154759,0.007386979,0.018997634,0.007448165,0.00015694002,-0.018723289,-0.0018237144,0.00028820348,-0.0045562023,-0.020735385,-0.0070062024,-0.013525896,-0.004687285,0.003182461,-0.017545,-0.019460281,-0.009754676,0.011125533,0.009179794,0.025150761
-0.01583736,0.0140479235,0.010947903,0.0008946052,0.003757088,-0.00029973255,0.016406551,0.018130101,-0.0094794035,-0.0037973858,0.0018329826,-0.010235011,-0.015154759,0.007386979,0.018997634,0.007448165,0.00015694002,-0.018723289,-0.0018237144,0.00028820348,-0.0045562023,-0.020735385,-0.0070062024,-0.013525896,-0.004687285,0.003182461,-0.017545,-0.019460281,-0.009754676,0.011125533,0.009179794,0.025150761
-0.01583736,0.0140479235,0.010947903,0.0008946052,0.003757088,-0.00029973255,0.016406551,0.018130101,-0.0094794035,-0.0037973858,0.0018329826,-0.010235011,-0.015154759,0.007386979,0.018997634,0.007448165,0.00015694002,-0.018723289,-0.0018237144,0.00028820348,-0.0045562023,-0.020735385,-0.0070062024,-0.013525896,-0.004687285,0.003182461,-0.017545,-0.019460281,-0.009754676,0.011125533,0.009179794,0.025150761
-0.01583736,0.0140479235,0.010947903,0.0008946052,0.003757088,-0.00029973255,0.016406551,0.018130101,-0.0094794035,-0.0037973858,0.0018329826,-0.010235011,-0.015154759,0.007386979,0.018997634,0.007448165,0.00015694002,-0.018723289,-0.0018237144,0.00028820348,-0.0045562023,-0.020735385,-0.0070062024,-0.013525896,-0.004687285,0.003182461,-0.017545,-0.019460281,-0.009754676,0.011125533,0.009179794,0.025150761
-0.01583736,0.0140479235,0.010947903,0.0008946052,0.003757088,-0.00029973255,0.016406551,0.018130101,-0.0094794035,-0.0037973858,0.0018329826,-0.010235011,-0.015154759,0.007386979,0.018997634,0.007448165,0.00015694002,-0.018723289,-0.0018237144,0.00028820348,-0.0045562023,-0.020735385,-0.0070062024,-0.013525896,-0.004687285,0.003182461,-0.017545,-0.019460281,-0.009754676,0.011125533,0.009179794,0.025150761
